summaryId,activityType,activeKilocalories,steps,distanceInMeters,durationInSeconds,activeTimeInSeconds,startTimeInSeconds,startTimeOffsetInSeconds,met,intensity,meanMotionIntensity,maxMotionIntensity
x516c570-65b6ea80-6,WALKING,0,6,4.3,900,60,1706486400,0,1.0,ACTIVE,0.0,0.0
x516c570-65b6ea80-8,SEDENTARY,0,0,0.0,900,840,1706486400,0,1.0,SEDENTARY,0.0,5.0
x516c570-65b6ee04-8,SEDENTARY,0,0,0.0,900,900,1706487300,0,1.0,SEDENTARY,0.0,2.0
x516c570-65b6f188-8,SEDENTARY,0,0,0.0,900,900,1706488200,0,1.0,SEDENTARY,0.0,3.0
x516c570-65b6f50c-8,SEDENTARY,0,0,0.0,900,900,1706489100,0,1.0,SEDENTARY,0.0,2.0
x516c570-65b6f890-8,SEDENTARY,0,0,0.0,900,900,1706490000,0,1.0,SEDENTARY,0.0,0.0
x516c570-65b6fc14-8,SEDENTARY,0,0,0.0,900,900,1706490900,0,1.0,SEDENTARY,0.0,4.0
x516c570-65b6ff98-8,SEDENTARY,0,0,0.0,900,900,1706491800,0,1.0,SEDENTARY,0.0,2.0
x516c570-65b7031c-8,SEDENTARY,0,0,0.0,900,900,1706492700,0,1.0,SEDENTARY,0.0,3.0
x516c570-65b706a0-8,SEDENTARY,0,0,0.0,900,900,1706493600,0,1.0,SEDENTARY,0.0,4.0
x516c570-65b70a24-8,SEDENTARY,0,0,0.0,900,900,1706494500,0,1.0,SEDENTARY,0.0,0.0
x516c570-65b70da8-8,SEDENTARY,0,0,0.0,900,900,1706495400,0,1.0,SEDENTARY,0.0,2.0
x516c570-65b7112c-8,SEDENTARY,0,0,0.0,900,900,1706496300,0,1.0,SEDENTARY,0.0,0.0
x516c570-65b714b0-8,SEDENTARY,0,0,0.0,900,900,1706497200,0,1.0,SEDENTARY,0.0,4.0
x516c570-65b71834-8,SEDENTARY,0,0,0.0,900,900,1706498100,0,1.0,SEDENTARY,0.0,3.0
x516c570-65b71bb8-8,SEDENTARY,0,0,0.0,900,900,1706499000,0,1.0,SEDENTARY,0.0,2.0
x516c570-65b71f3c-8,SEDENTARY,0,0,0.0,900,900,1706499900,0,1.0,SEDENTARY,0.0,3.0
x516c570-65b722c0-8,SEDENTARY,0,0,0.0,900,900,1706500800,0,1.0,SEDENTARY,0.0,3.0
x516c570-65b72644-8,SEDENTARY,0,0,0.0,900,900,1706501700,0,1.0,SEDENTARY,0.0,2.0
x516c570-65b729c8-8,SEDENTARY,0,0,0.0,900,900,1706502600,0,1.0,SEDENTARY,0.0,4.0
x516c570-65b72d4c-8,SEDENTARY,0,0,0.0,900,900,1706503500,0,1.0,SEDENTARY,0.0,3.0
x516c570-65b730d0-8,SEDENTARY,0,0,0.0,900,900,1706504400,0,1.0,SEDENTARY,0.0,0.0
x516c570-65b73454-8,SEDENTARY,0,0,0.0,900,900,1706505300,0,1.0,SEDENTARY,0.0,3.0
x516c570-65b737d8-8,SEDENTARY,0,0,0.0,900,900,1706506200,0,1.0,SEDENTARY,0.0,2.0
x516c570-65b73b5c-8,SEDENTARY,0,0,0.0,900,900,1706507100,0,1.0,SEDENTARY,0.0,2.0
x516c570-65b73ee0-8,SEDENTARY,0,0,0.0,900,900,1706508000,0,1.0,SEDENTARY,0.0,2.0
x516c570-65b74264-8,SEDENTARY,0,0,0.0,900,900,1706508900,0,1.0,SEDENTARY,0.0,4.0
x516c570-65b745e8-8,SEDENTARY,0,0,0.0,900,900,1706509800,0,1.0,SEDENTARY,0.0,1.0
x516c570-65b7496c-8,SEDENTARY,0,0,0.0,900,900,1706510700,0,1.0,SEDENTARY,0.0,2.0
x516c570-65b74cf0-8,SEDENTARY,0,0,0.0,900,900,1706511600,0,1.0,SEDENTARY,0.0,4.0
x516c570-65b75074-8,SEDENTARY,0,0,0.0,900,900,1706512500,0,1.0,SEDENTARY,0.0,3.0
x516c570-65b753f8-8,SEDENTARY,0,0,0.0,900,900,1706513400,0,1.0,SEDENTARY,0.0,4.0
x516c570-65b7577c-6,WALKING,0,20,14.33,900,120,1706514300,0,1.0,ACTIVE,2.0,2.0
x516c570-65b7577c-8,SEDENTARY,0,0,0.0,900,780,1706514300,0,1.0,SEDENTARY,0.0,3.0
x516c570-65b75b00-8,SEDENTARY,0,0,0.0,900,900,1706515200,0,1.0,SEDENTARY,0.0,3.0
x516c570-65b75e84-6,WALKING,7,123,88.11,900,240,1706516100,0,2.3584907,ACTIVE,2.5,3.0
x516c570-65b75e84-8,SEDENTARY,0,0,0.0,900,660,1706516100,0,1.0,SEDENTARY,0.0,5.0
x516c570-65b76208-6,WALKING,2,9,6.45,900,60,1706517000,0,2.5525606,ACTIVE,2.0,2.0
x516c570-65b76208-8,SEDENTARY,0,0,0.0,900,840,1706517000,0,1.0,SEDENTARY,0.0,3.0
x516c570-65b7658c-6,WALKING,1,23,16.48,900,120,1706517900,0,1.3881402,ACTIVE,1.5,2.0
x516c570-65b7658c-8,SEDENTARY,0,0,0.0,900,780,1706517900,0,1.0,SEDENTARY,0.0,5.0
x516c570-65b76910-6,WALKING,1,15,10.74,900,60,1706518800,0,1.7762803,ACTIVE,2.0,2.0
x516c570-65b76910-8,SEDENTARY,0,0,0.0,900,840,1706518800,0,1.0,SEDENTARY,0.0,4.0
x516c570-65b76c94-6,WALKING,5,58,41.55,900,120,1706519700,0,2.9407008,ACTIVE,3.0,3.0
x516c570-65b76c94-0,GENERIC,2,0,0.0,900,0,1706519700,0,1.0,SEDENTARY,0.0,5.0
x516c570-65b76c94-8,SEDENTARY,0,0,0.0,900,780,1706519700,0,1.0,SEDENTARY,0.0,5.0
x516c570-65b77018-8,SEDENTARY,0,0,0.0,900,900,1706520600,0,1.0,SEDENTARY,0.0,4.0
x516c570-65b7739c-6,WALKING,2,28,20.06,900,120,1706521500,0,1.7762803,ACTIVE,1.5,2.0
x516c570-65b7739c-8,SEDENTARY,0,0,0.0,900,780,1706521500,0,1.0,SEDENTARY,0.0,5.0
x516c570-65b77720-6,WALKING,2,53,37.97,900,180,1706522400,0,1.5175202,ACTIVE,2.3333333333333335,3.0
x516c570-65b77720-8,SEDENTARY,0,0,0.0,900,720,1706522400,0,1.0,SEDENTARY,0.0,4.0
x516c570-65b77aa4-8,SEDENTARY,0,0,0.0,900,900,1706523300,0,1.0,SEDENTARY,0.0,4.0
x516c570-65b77e28-8,SEDENTARY,0,0,0.0,900,900,1706524200,0,1.0,SEDENTARY,0.0,4.0
x516c570-65b781ac-8,SEDENTARY,0,0,0.0,900,900,1706525100,0,1.0,SEDENTARY,0.0,4.0
x516c570-65b78530-8,SEDENTARY,0,0,0.0,900,900,1706526000,0,1.0,SEDENTARY,0.0,3.0
x516c570-65b788b4-8,SEDENTARY,0,0,0.0,900,900,1706526900,0,1.0,SEDENTARY,0.0,3.0
x516c570-65b78c38-8,SEDENTARY,0,0,0.0,900,900,1706527800,0,1.0,SEDENTARY,0.0,3.0
x516c570-65b78fbc-6,WALKING,2,87,62.33,900,50,1706528700,0,2.8630726,ACTIVE,3.0,3.0
x516c570-65b78fbc-8,SEDENTARY,0,0,0.0,900,850,1706528700,0,1.0,SEDENTARY,0.0,3.0
x516c570-65b79340-8,SEDENTARY,0,0,0.0,900,900,1706529600,0,1.0,SEDENTARY,0.0,4.0
x516c570-65b796c4-6,WALKING,0,7,5.01,900,15,1706530500,0,1.0,ACTIVE,1.0,1.0
x516c570-65b796c4-8,SEDENTARY,0,0,0.0,900,885,1706530500,0,1.0,SEDENTARY,0.0,3.0
x516c570-65b79a48-8,SEDENTARY,0,0,0.0,900,900,1706531400,0,1.0,SEDENTARY,0.0,3.0
x516c570-65b79dcc-8,SEDENTARY,0,0,0.0,900,900,1706532300,0,1.0,SEDENTARY,0.0,4.0
x516c570-65b7a150-6,WALKING,1,76,54.45,900,90,1706533200,0,1.5175202,ACTIVE,3.0,4.0
x516c570-65b7a150-8,SEDENTARY,0,0,0.0,900,810,1706533200,0,1.0,SEDENTARY,0.0,5.0
x516c570-65b7a4d4-8,SEDENTARY,0,0,0.0,900,900,1706534100,0,1.0,SEDENTARY,0.0,4.0
x516c570-65b7a858-6,WALKING,2,81,58.03,900,105,1706535000,0,1.8871776,ACTIVE,2.0,2.0
x516c570-65b7a858-8,SEDENTARY,0,0,0.0,900,795,1706535000,0,1.0,SEDENTARY,0.0,5.0
x516c570-65b7abdc-6,WALKING,0,9,6.45,900,15,1706535900,0,1.0,ACTIVE,2.0,2.0
x516c570-65b7abdc-8,SEDENTARY,0,0,0.0,900,885,1706535900,0,1.0,SEDENTARY,0.0,4.0
x516c570-65b7af60-8,SEDENTARY,0,0,0.0,900,900,1706536800,0,1.0,SEDENTARY,0.0,3.0
x516c570-65b7b2e4-8,SEDENTARY,0,0,0.0,900,900,1706537700,0,1.0,SEDENTARY,0.0,3.0
x516c570-65b7b668-8,SEDENTARY,0,0,0.0,900,900,1706538600,0,1.0,SEDENTARY,0.0,3.0
x516c570-65b7b9ec-8,SEDENTARY,0,0,0.0,900,900,1706539500,0,1.0,SEDENTARY,0.0,3.0
x516c570-65b7bd70-8,SEDENTARY,0,0,0.0,900,900,1706540400,0,1.0,SEDENTARY,0.0,3.0
x516c570-65b7c0f4-8,SEDENTARY,0,0,0.0,900,900,1706541300,0,1.0,SEDENTARY,0.0,3.0
x516c570-65b7c478-8,SEDENTARY,0,0,0.0,900,900,1706542200,0,1.0,SEDENTARY,0.0,3.0
x516c570-65b7c7fc-8,SEDENTARY,0,0,0.0,900,900,1706543100,0,1.0,SEDENTARY,0.0,3.0
x516c570-65b7cb80-8,SEDENTARY,0,0,0.0,900,900,1706544000,0,1.0,SEDENTARY,0.0,3.0
x516c570-65b7cf04-8,SEDENTARY,0,0,0.0,900,900,1706544900,0,1.0,SEDENTARY,0.0,3.0
x516c570-65b7d288-8,SEDENTARY,0,0,0.0,900,900,1706545800,0,1.0,SEDENTARY,0.0,3.0
x516c570-65b7d60c-8,SEDENTARY,0,0,0.0,900,900,1706546700,0,1.0,SEDENTARY,0.0,3.0
x516c570-65b7d990-8,SEDENTARY,0,0,0.0,900,900,1706547600,0,1.0,SEDENTARY,0.0,3.0
x516c570-65b7dd14-8,SEDENTARY,0,0,0.0,900,900,1706548500,0,1.0,SEDENTARY,0.0,4.0
x516c570-65b7e098-8,SEDENTARY,0,0,0.0,900,900,1706549400,0,1.0,SEDENTARY,0.0,4.0
x516c570-65b7e41c-8,SEDENTARY,0,0,0.0,900,900,1706550300,0,1.0,SEDENTARY,0.0,4.0
x516c570-65b7e7a0-8,SEDENTARY,0,0,0.0,900,900,1706551200,0,1.0,SEDENTARY,0.0,3.0
x516c570-65b7eb24-6,WALKING,12,114,81.67,900,255,1706552100,0,3.1918504,ACTIVE,1.0,1.0
x516c570-65b7eb24-0,GENERIC,7,0,0.0,900,0,1706552100,0,1.0,SEDENTARY,0.0,5.0
x516c570-65b7eb24-8,SEDENTARY,0,0,0.0,900,645,1706552100,0,1.0,SEDENTARY,0.0,5.0
x516c570-65b7eea8-6,WALKING,1,15,10.74,900,30,1706553000,0,2.5525606,ACTIVE,2.0,2.0
x516c570-65b7eea8-0,GENERIC,4,0,0.0,900,0,1706553000,0,1.0,SEDENTARY,0.0,5.0
x516c570-65b7eea8-8,SEDENTARY,0,0,0.0,900,870,1706553000,0,1.0,SEDENTARY,0.0,6.0
x516c570-65b7f22c-6,WALKING,1,45,32.24,900,75,1706553900,0,1.6210243,ACTIVE,1.8,3.0
x516c570-65b7f22c-8,SEDENTARY,0,0,0.0,900,825,1706553900,0,1.0,SEDENTARY,0.0,5.0
x516c570-65b7f5b0-6,WALKING,2,25,17.91,900,60,1706554800,0,2.5525606,ACTIVE,1.0,1.0
x516c570-65b7f5b0-0,GENERIC,1,0,0.0,900,0,1706554800,0,1.0,SEDENTARY,0.0,4.0
x516c570-65b7f5b0-8,SEDENTARY,0,0,0.0,900,840,1706554800,0,1.0,SEDENTARY,0.0,4.0
x516c570-65b7f934-6,WALKING,2,35,25.07,900,90,1706555700,0,2.0350404,ACTIVE,1.1666666666666667,2.0
x516c570-65b7f934-0,GENERIC,3,0,0.0,900,0,1706555700,0,1.0,SEDENTARY,0.0,6.0
x516c570-65b7f934-8,SEDENTARY,0,0,0.0,900,810,1706555700,0,1.0,SEDENTARY,0.0,5.0
x516c570-65b7fcb8-6,WALKING,12,136,97.43,900,405,1706556600,0,2.380054,ACTIVE,1.0,1.0
x516c570-65b7fcb8-0,GENERIC,5,0,0.0,900,0,1706556600,0,1.0,SEDENTARY,0.0,6.0
x516c570-65b7fcb8-8,SEDENTARY,0,0,0.0,900,495,1706556600,0,1.0,SEDENTARY,0.0,5.0
x516c570-65b8003c-6,WALKING,0,20,14.33,900,30,1706557500,0,1.0,ACTIVE,3.0,3.0
x516c570-65b8003c-8,SEDENTARY,0,0,0.0,900,870,1706557500,0,1.0,SEDENTARY,0.0,5.0
x516c570-65b803c0-6,WALKING,1,61,43.7,900,75,1706558400,0,1.6210243,ACTIVE,2.2,3.0
x516c570-65b803c0-8,SEDENTARY,0,0,0.0,900,825,1706558400,0,1.0,SEDENTARY,0.0,5.0
x516c570-65b80744-6,WALKING,5,190,136.12,900,135,1706559300,0,2.7250674,ACTIVE,3.0,4.0
x516c570-65b80744-8,SEDENTARY,0,0,0.0,900,765,1706559300,0,1.0,SEDENTARY,0.0,5.0
x516c570-65b80ac8-6,WALKING,20,626,448.47,900,545,1706560200,0,2.7092412,ACTIVE,3.0,3.0
x516c570-65b80ac8-0,GENERIC,1,0,0.0,900,0,1706560200,0,1.0,SEDENTARY,0.0,6.0
x516c570-65b80ac8-8,SEDENTARY,0,0,0.0,900,355,1706560200,0,1.0,SEDENTARY,0.0,5.0
x516c570-65b80e4c-6,WALKING,4,48,34.38,900,240,1706561100,0,1.7762803,ACTIVE,1.25,2.0
x516c570-65b80e4c-0,GENERIC,2,0,0.0,900,0,1706561100,0,1.0,SEDENTARY,0.0,5.0
x516c570-65b80e4c-8,SEDENTARY,0,0,0.0,900,660,1706561100,0,1.0,SEDENTARY,0.0,5.0
x516c570-65b811d0-6,WALKING,5,201,144.0,900,360,1706562000,0,1.6469002,ACTIVE,3.5,5.0
x516c570-65b811d0-0,GENERIC,0,0,0.0,900,0,1706562000,0,1.0,SEDENTARY,0.0,3.0
x516c570-65b811d0-8,SEDENTARY,0,0,0.0,900,540,1706562000,0,1.0,SEDENTARY,0.0,6.0
x516c570-65b81554-6,WALKING,0,16,11.46,900,120,1706562900,0,1.0,ACTIVE,1.0,1.0
x516c570-65b81554-8,SEDENTARY,0,0,0.0,900,780,1706562900,0,1.0,SEDENTARY,0.0,3.0
x516c570-65b818d8-6,WALKING,4,72,51.58,900,240,1706563800,0,1.7762803,ACTIVE,2.5,3.0
x516c570-65b818d8-8,SEDENTARY,0,0,0.0,900,660,1706563800,0,1.0,SEDENTARY,0.0,6.0
x516c570-65b81c5c-8,SEDENTARY,0,0,0.0,900,900,1706564700,0,1.0,SEDENTARY,0.0,3.0
x516c570-65b81fe0-8,SEDENTARY,0,0,0.0,900,900,1706565600,0,1.0,SEDENTARY,0.0,3.0
x516c570-65b82364-8,SEDENTARY,0,0,0.0,900,900,1706566500,0,1.0,SEDENTARY,0.0,3.0
x516c570-65b826e8-8,SEDENTARY,0,0,0.0,900,900,1706567400,0,1.0,SEDENTARY,0.0,3.0
x516c570-65b82a6c-8,SEDENTARY,0,0,0.0,900,900,1706568300,0,1.0,SEDENTARY,0.0,4.0
x516c570-65b82df0-6,WALKING,1,9,6.45,900,60,1706569200,0,1.7762803,ACTIVE,1.0,1.0
x516c570-65b82df0-0,GENERIC,2,0,0.0,900,0,1706569200,0,1.0,SEDENTARY,0.0,5.0
x516c570-65b82df0-8,SEDENTARY,0,0,0.0,900,840,1706569200,0,1.0,SEDENTARY,0.0,6.0
x516c570-65b83174-8,SEDENTARY,0,0,0.0,900,900,1706570100,0,1.0,SEDENTARY,0.0,4.0
x516c570-65b834f8-8,SEDENTARY,0,0,0.0,900,900,1706571000,0,1.0,SEDENTARY,0.0,4.0
x516c570-65b8387c-8,SEDENTARY,0,0,0.0,900,900,1706571900,0,1.0,SEDENTARY,0.0,3.0
x516c570-65b83c00-6,WALKING,0,8,5.73,900,60,1706572800,0,1.0,ACTIVE,1.0,1.0
x516c570-65b83c00-8,SEDENTARY,0,0,0.0,900,840,1706572800,0,1.0,SEDENTARY,0.0,5.0
x516c570-65b83f84-6,WALKING,6,95,68.06,900,300,1706573700,0,1.9315363,ACTIVE,2.0,2.0
x516c570-65b83f84-8,SEDENTARY,0,0,0.0,900,600,1706573700,0,1.0,SEDENTARY,0.0,6.0
x516c570-65b84308-6,WALKING,6,89,63.76,900,240,1706574600,0,2.1644206,ACTIVE,3.0,3.0
x516c570-65b84308-8,SEDENTARY,0,0,0.0,900,660,1706574600,0,1.0,SEDENTARY,0.0,2.0
x516c570-65b8468c-6,WALKING,0,19,13.61,900,60,1706575500,0,1.0,ACTIVE,3.0,3.0
x516c570-65b8468c-8,SEDENTARY,0,0,0.0,900,840,1706575500,0,1.0,SEDENTARY,0.0,3.0
x516c570-65b84a10-8,SEDENTARY,0,0,0.0,900,900,1706576400,0,1.0,SEDENTARY,0.0,0.0
x516c570-65b84d94-8,SEDENTARY,0,0,0.0,900,900,1706577300,0,1.0,SEDENTARY,0.0,2.0
x516c570-65b85118-8,SEDENTARY,0,0,0.0,900,900,1706578200,0,1.0,SEDENTARY,0.0,0.0
x516c570-65b8549c-8,SEDENTARY,0,0,0.0,900,900,1706579100,0,1.0,SEDENTARY,0.0,4.0
x516c570-65b85820-8,SEDENTARY,0,0,0.0,900,900,1706580000,0,1.0,SEDENTARY,0.0,3.0
x516c570-65b85ba4-8,SEDENTARY,0,0,0.0,900,900,1706580900,0,1.0,SEDENTARY,0.0,5.0
x516c570-65b85f28-8,SEDENTARY,0,0,0.0,900,900,1706581800,0,1.0,SEDENTARY,0.0,2.0
x516c570-65b862ac-8,SEDENTARY,0,0,0.0,900,900,1706582700,0,1.0,SEDENTARY,0.0,2.0
x516c570-65b86630-8,SEDENTARY,0,0,0.0,900,900,1706583600,0,1.0,SEDENTARY,0.0,0.0
x516c570-65b869b4-8,SEDENTARY,0,0,0.0,900,900,1706584500,0,1.0,SEDENTARY,0.0,1.0
x516c570-65b86d38-8,SEDENTARY,0,0,0.0,900,900,1706585400,0,1.0,SEDENTARY,0.0,2.0
x516c570-65b870bc-8,SEDENTARY,0,0,0.0,900,900,1706586300,0,1.0,SEDENTARY,0.0,3.0
x516c570-65b87440-8,SEDENTARY,0,0,0.0,900,900,1706587200,0,1.0,SEDENTARY,0.0,0.0
x516c570-65b877c4-8,SEDENTARY,0,0,0.0,900,900,1706588100,0,1.0,SEDENTARY,0.0,0.0
x516c570-65b87b48-8,SEDENTARY,0,0,0.0,900,900,1706589000,0,1.0,SEDENTARY,0.0,3.0
x516c570-65b87ecc-8,SEDENTARY,0,0,0.0,900,900,1706589900,0,1.0,SEDENTARY,0.0,0.0
x516c570-65b88250-8,SEDENTARY,0,0,0.0,900,900,1706590800,0,1.0,SEDENTARY,0.0,3.0
x516c570-65b885d4-8,SEDENTARY,0,0,0.0,900,900,1706591700,0,1.0,SEDENTARY,0.0,1.0
x516c570-65b88958-8,SEDENTARY,0,0,0.0,900,900,1706592600,0,1.0,SEDENTARY,0.0,3.0
x516c570-65b88cdc-6,WALKING,0,11,7.88,900,60,1706593500,0,1.0,ACTIVE,1.0,1.0
x516c570-65b88cdc-8,SEDENTARY,0,0,0.0,900,840,1706593500,0,1.0,SEDENTARY,0.0,4.0
x516c570-65b89060-8,SEDENTARY,0,0,0.0,900,900,1706594400,0,1.0,SEDENTARY,0.0,4.0
x516c570-65b893e4-8,SEDENTARY,0,0,0.0,900,900,1706595300,0,1.0,SEDENTARY,0.0,1.0
x516c570-65b89768-8,SEDENTARY,0,0,0.0,900,900,1706596200,0,1.0,SEDENTARY,0.0,0.0
x516c570-65b89aec-8,SEDENTARY,0,0,0.0,900,900,1706597100,0,1.0,SEDENTARY,0.0,3.0
x516c570-65b89e70-8,SEDENTARY,0,0,0.0,900,900,1706598000,0,1.0,SEDENTARY,0.0,4.0
x516c570-65b8a1f4-8,SEDENTARY,0,0,0.0,900,900,1706598900,0,1.0,SEDENTARY,0.0,4.0
x516c570-65b8a578-8,SEDENTARY,0,0,0.0,900,900,1706599800,0,1.0,SEDENTARY,0.0,5.0
x516c570-65b8a8fc-6,WALKING,8,38,27.22,900,180,1706600700,0,3.0700808,ACTIVE,2.3333333333333335,3.0
x516c570-65b8a8fc-0,GENERIC,4,0,0.0,900,0,1706600700,0,1.0,SEDENTARY,0.0,5.0
x516c570-65b8a8fc-8,SEDENTARY,0,0,0.0,900,720,1706600700,0,1.0,SEDENTARY,0.0,5.0
x516c570-65b8ac80-6,WALKING,14,161,115.34,900,300,1706601600,0,3.1735847,ACTIVE,2.6,4.0
x516c570-65b8ac80-0,GENERIC,20,0,0.0,900,0,1706601600,0,1.0,SEDENTARY,0.0,6.0
x516c570-65b8ac80-8,SEDENTARY,0,0,0.0,900,600,1706601600,0,1.0,SEDENTARY,0.0,6.0
x516c570-65b8b004-6,WALKING,7,28,20.06,900,120,1706602500,0,3.7169814,ACTIVE,2.0,2.0
x516c570-65b8b004-0,GENERIC,19,0,0.0,900,0,1706602500,0,1.0,SEDENTARY,0.0,6.0
x516c570-65b8b004-8,SEDENTARY,0,0,0.0,900,780,1706602500,0,1.0,SEDENTARY,0.0,4.0
x516c570-65b8b388-0,GENERIC,2,0,0.0,900,0,1706603400,0,1.0,SEDENTARY,0.0,5.0
x516c570-65b8b388-8,SEDENTARY,0,0,0.0,900,900,1706603400,0,1.0,SEDENTARY,0.0,5.0
x516c570-65b8b70c-6,WALKING,14,285,204.17,900,360,1706604300,0,2.8113208,ACTIVE,3.0,3.0
x516c570-65b8b70c-0,GENERIC,1,0,0.0,900,0,1706604300,0,1.0,SEDENTARY,0.0,0.0
x516c570-65b8b70c-8,SEDENTARY,0,0,0.0,900,540,1706604300,0,1.0,SEDENTARY,0.0,4.0
x516c570-65b8ba90-8,SEDENTARY,0,0,0.0,900,900,1706605200,0,1.0,SEDENTARY,0.0,4.0
x516c570-65b8be14-8,SEDENTARY,0,0,0.0,900,900,1706606100,0,1.0,SEDENTARY,0.0,4.0
x516c570-65b8c198-8,SEDENTARY,0,0,0.0,900,900,1706607000,0,1.0,SEDENTARY,0.0,3.0
x516c570-65b8c51c-8,SEDENTARY,0,0,0.0,900,900,1706607900,0,1.0,SEDENTARY,0.0,3.0
x516c570-65b8c8a0-6,WALKING,2,96,68.78,900,65,1706608800,0,2.4331331,ACTIVE,2.5384615384615383,3.0
x516c570-65b8c8a0-8,SEDENTARY,0,0,0.0,900,835,1706608800,0,1.0,SEDENTARY,0.0,4.0
x516c570-65b8cc24-8,SEDENTARY,0,0,0.0,900,900,1706609700,0,1.0,SEDENTARY,0.0,4.0
x516c570-65b8cfa8-8,SEDENTARY,0,0,0.0,900,900,1706610600,0,1.0,SEDENTARY,0.0,3.0
x516c570-65b8d32c-8,SEDENTARY,0,0,0.0,900,900,1706611500,0,1.0,SEDENTARY,0.0,3.0
x516c570-65b8d6b0-8,SEDENTARY,0,0,0.0,900,900,1706612400,0,1.0,SEDENTARY,0.0,3.0
x516c570-65b8da34-8,SEDENTARY,0,0,0.0,900,900,1706613300,0,1.0,SEDENTARY,0.0,3.0
x516c570-65b8ddb8-6,WALKING,17,191,136.83,900,280,1706614200,0,3.8278782,ACTIVE,2.142857142857143,3.0
x516c570-65b8ddb8-0,GENERIC,9,0,0.0,900,0,1706614200,0,1.0,SEDENTARY,0.0,7.0
x516c570-65b8ddb8-8,SEDENTARY,0,0,0.0,900,620,1706614200,0,1.0,SEDENTARY,0.0,6.0
x516c570-65b8e13c-8,SEDENTARY,0,0,0.0,900,900,1706615100,0,1.0,SEDENTARY,0.0,3.0
x516c570-65b8e4c0-8,SEDENTARY,0,0,0.0,900,900,1706616000,0,1.0,SEDENTARY,0.0,3.0
x516c570-65b8e844-8,SEDENTARY,0,0,0.0,900,900,1706616900,0,1.0,SEDENTARY,0.0,3.0
x516c570-65b8ebc8-6,WALKING,23,761,545.18,900,430,1706617800,0,3.491318,ACTIVE,3.0,3.0
x516c570-65b8ebc8-8,SEDENTARY,0,0,0.0,900,470,1706617800,0,1.0,SEDENTARY,0.0,3.0
x516c570-65b8ef4c-6,WALKING,20,725,519.39,900,660,1706618700,0,2.4114187,ACTIVE,2.272727272727273,3.0
x516c570-65b8ef4c-0,GENERIC,4,0,0.0,900,0,1706618700,0,1.0,SEDENTARY,0.0,6.0
x516c570-65b8ef4c-8,SEDENTARY,0,0,0.0,900,240,1706618700,0,1.0,SEDENTARY,0.0,2.0
x516c570-65b8f2d0-8,SEDENTARY,0,0,0.0,900,900,1706619600,0,1.0,SEDENTARY,0.0,4.0
x516c570-65b8f654-8,SEDENTARY,0,0,0.0,900,900,1706620500,0,1.0,SEDENTARY,0.0,4.0
x516c570-65b8f9d8-8,SEDENTARY,0,0,0.0,900,900,1706621400,0,1.0,SEDENTARY,0.0,4.0
x516c570-65b8fd5c-6,WALKING,4,38,27.22,900,120,1706622300,0,2.5525606,ACTIVE,3.0,3.0
x516c570-65b8fd5c-0,GENERIC,1,0,0.0,900,0,1706622300,0,1.0,SEDENTARY,0.0,4.0
x516c570-65b8fd5c-8,SEDENTARY,0,0,0.0,900,780,1706622300,0,1.0,SEDENTARY,0.0,4.0
x516c570-65b900e0-8,SEDENTARY,0,0,0.0,900,900,1706623200,0,1.0,SEDENTARY,0.0,3.0
x516c570-65b90464-8,SEDENTARY,0,0,0.0,900,900,1706624100,0,1.0,SEDENTARY,0.0,3.0
x516c570-65b907e8-8,SEDENTARY,0,0,0.0,900,900,1706625000,0,1.0,SEDENTARY,0.0,3.0
x516c570-65b90b6c-8,SEDENTARY,0,0,0.0,900,900,1706625900,0,1.0,SEDENTARY,0.0,4.0
x516c570-65b90ef0-6,WALKING,14,237,169.79,900,355,1706626800,0,2.8368323,ACTIVE,1.323943661971831,2.0
x516c570-65b90ef0-0,GENERIC,4,0,0.0,900,0,1706626800,0,1.0,SEDENTARY,0.0,5.0
x516c570-65b90ef0-8,SEDENTARY,0,0,0.0,900,545,1706626800,0,1.0,SEDENTARY,0.0,6.0
x516c570-65b91274-8,SEDENTARY,0,0,0.0,900,900,1706627700,0,1.0,SEDENTARY,0.0,3.0
x516c570-65b915f8-6,WALKING,1,49,35.1,900,30,1706628600,0,2.5525606,ACTIVE,3.0,3.0
x516c570-65b915f8-8,SEDENTARY,0,0,0.0,900,870,1706628600,0,1.0,SEDENTARY,0.0,4.0
x516c570-65b9197c-6,WALKING,0,10,7.17,900,15,1706629500,0,1.0,ACTIVE,4.0,4.0
x516c570-65b9197c-8,SEDENTARY,0,0,0.0,900,885,1706629500,0,1.0,SEDENTARY,0.0,4.0
x516c570-65b91d00-6,WALKING,2,65,46.56,900,45,1706630400,0,3.0700808,ACTIVE,3.0,3.0
x516c570-65b91d00-0,GENERIC,1,0,0.0,900,0,1706630400,0,1.0,SEDENTARY,0.0,3.0
x516c570-65b91d00-8,SEDENTARY,0,0,0.0,900,855,1706630400,0,1.0,SEDENTARY,0.0,4.0
x516c570-65b92084-8,SEDENTARY,0,0,0.0,900,900,1706631300,0,1.0,SEDENTARY,0.0,4.0
x516c570-65b92408-8,SEDENTARY,0,0,0.0,900,900,1706632200,0,1.0,SEDENTARY,0.0,3.0
x516c570-65b9278c-8,SEDENTARY,0,0,0.0,900,900,1706633100,0,1.0,SEDENTARY,0.0,3.0
x516c570-65b92b10-8,SEDENTARY,0,0,0.0,900,900,1706634000,0,1.0,SEDENTARY,0.0,3.0
x516c570-65b92e94-8,SEDENTARY,0,0,0.0,900,900,1706634900,0,1.0,SEDENTARY,0.0,3.0
x516c570-65b93218-8,SEDENTARY,0,0,0.0,900,900,1706635800,0,1.0,SEDENTARY,0.0,4.0
x516c570-65b9359c-8,SEDENTARY,0,0,0.0,900,900,1706636700,0,1.0,SEDENTARY,0.0,3.0
x516c570-65b93920-6,WALKING,1,39,27.94,900,30,1706637600,0,2.5525606,ACTIVE,4.0,4.0
x516c570-65b93920-0,GENERIC,1,0,0.0,900,0,1706637600,0,1.0,SEDENTARY,0.0,0.0
x516c570-65b93920-8,SEDENTARY,0,0,0.0,900,870,1706637600,0,1.0,SEDENTARY,0.0,5.0
x516c570-65b93ca4-6,WALKING,15,399,285.85,900,420,1706638500,0,2.6634579,ACTIVE,2.0,3.0
x516c570-65b93ca4-0,GENERIC,2,0,0.0,900,0,1706638500,0,1.0,SEDENTARY,0.0,5.0
x516c570-65b93ca4-8,SEDENTARY,0,0,0.0,900,480,1706638500,0,1.0,SEDENTARY,0.0,5.0
x516c570-65b94028-6,WALKING,9,136,97.43,900,420,1706639400,0,1.9980748,ACTIVE,2.5714285714285716,3.0
x516c570-65b94028-8,SEDENTARY,0,0,0.0,900,480,1706639400,0,1.0,SEDENTARY,0.0,6.0
x516c570-65b943ac-6,WALKING,5,73,52.3,900,300,1706640300,0,1.7762803,ACTIVE,2.0,2.0
x516c570-65b943ac-0,GENERIC,3,0,0.0,900,0,1706640300,0,1.0,SEDENTARY,0.0,5.0
x516c570-65b943ac-8,SEDENTARY,0,0,0.0,900,600,1706640300,0,1.0,SEDENTARY,0.0,5.0
x516c570-65b94730-6,WALKING,0,50,35.82,900,120,1706641200,0,1.0,ACTIVE,4.0,5.0
x516c570-65b94730-8,SEDENTARY,0,0,0.0,900,780,1706641200,0,1.0,SEDENTARY,0.0,5.0
x516c570-65b94ab4-6,WALKING,2,22,15.76,900,90,1706642100,0,2.0350404,ACTIVE,1.6666666666666667,2.0
x516c570-65b94ab4-8,SEDENTARY,0,0,0.0,900,810,1706642100,0,1.0,SEDENTARY,0.0,5.0
x516c570-65b94e38-6,WALKING,7,215,154.02,900,215,1706643000,0,2.5164545,ACTIVE,1.6511627906976745,2.0
x516c570-65b94e38-0,GENERIC,2,0,0.0,900,0,1706643000,0,1.0,SEDENTARY,0.0,5.0
x516c570-65b94e38-8,SEDENTARY,0,0,0.0,900,685,1706643000,0,1.0,SEDENTARY,0.0,6.0
x516c570-65b951bc-6,WALKING,0,43,30.81,900,60,1706643900,0,1.0,ACTIVE,1.75,2.0
x516c570-65b951bc-8,SEDENTARY,0,0,0.0,900,840,1706643900,0,1.0,SEDENTARY,0.0,5.0
x516c570-65b95540-6,WALKING,1,36,25.79,900,45,1706644800,0,2.0350404,ACTIVE,1.3333333333333333,2.0
x516c570-65b95540-8,SEDENTARY,0,0,0.0,900,855,1706644800,0,1.0,SEDENTARY,0.0,5.0
x516c570-65b958c4-6,WALKING,6,55,39.4,900,120,1706645700,0,3.3288412,ACTIVE,1.0,1.0
x516c570-65b958c4-0,GENERIC,10,0,0.0,900,0,1706645700,0,1.0,SEDENTARY,0.0,5.0
x516c570-65b958c4-8,SEDENTARY,0,0,0.0,900,780,1706645700,0,1.0,SEDENTARY,0.0,5.0
x516c570-65b95c48-8,SEDENTARY,0,0,0.0,900,900,1706646600,0,1.0,SEDENTARY,0.0,4.0
x516c570-65b95fcc-6,WALKING,3,26,18.63,900,75,1706647500,0,2.8630726,ACTIVE,0.0,0.0
x516c570-65b95fcc-0,GENERIC,4,0,0.0,900,0,1706647500,0,1.0,SEDENTARY,0.0,4.0
x516c570-65b95fcc-8,SEDENTARY,0,0,0.0,900,825,1706647500,0,1.0,SEDENTARY,0.0,4.0
x516c570-65b96350-8,SEDENTARY,0,0,0.0,900,900,1706648400,0,1.0,SEDENTARY,0.0,3.0
x516c570-65b966d4-8,SEDENTARY,0,0,0.0,900,900,1706649300,0,1.0,SEDENTARY,0.0,3.0
x516c570-65b96a58-8,SEDENTARY,0,0,0.0,900,900,1706650200,0,1.0,SEDENTARY,0.0,3.0
x516c570-65b96ddc-8,SEDENTARY,0,0,0.0,900,900,1706651100,0,1.0,SEDENTARY,0.0,3.0
x516c570-65b97160-8,SEDENTARY,0,0,0.0,900,900,1706652000,0,1.0,SEDENTARY,0.0,3.0
x516c570-65b974e4-8,SEDENTARY,0,0,0.0,900,900,1706652900,0,1.0,SEDENTARY,0.0,3.0
x516c570-65b97868-8,SEDENTARY,0,0,0.0,900,900,1706653800,0,1.0,SEDENTARY,0.0,3.0
x516c570-65b97bec-6,WALKING,2,44,31.52,900,60,1706654700,0,2.5525606,ACTIVE,2.0,2.0
x516c570-65b97bec-8,SEDENTARY,0,0,0.0,900,840,1706654700,0,1.0,SEDENTARY,0.0,5.0
x516c570-65b97f70-0,GENERIC,1,0,0.0,900,0,1706655600,0,1.0,SEDENTARY,0.0,3.0
x516c570-65b97f70-8,SEDENTARY,0,0,0.0,900,900,1706655600,0,1.0,SEDENTARY,0.0,5.0
x516c570-65b982f4-8,SEDENTARY,0,0,0.0,900,900,1706656500,0,1.0,SEDENTARY,0.0,3.0
x516c570-65b98678-8,SEDENTARY,0,0,0.0,900,900,1706657400,0,1.0,SEDENTARY,0.0,4.0
x516c570-65b989fc-8,SEDENTARY,0,0,0.0,900,900,1706658300,0,1.0,SEDENTARY,0.0,3.0
x516c570-65b98d80-8,SEDENTARY,0,0,0.0,900,900,1706659200,0,1.0,SEDENTARY,0.0,3.0
x516c570-65b99104-8,SEDENTARY,0,0,0.0,900,900,1706660100,0,1.0,SEDENTARY,0.0,3.0
x516c570-65b99488-8,SEDENTARY,0,0,0.0,900,900,1706661000,0,1.0,SEDENTARY,0.0,3.0
x516c570-65b9980c-8,SEDENTARY,0,0,0.0,900,900,1706661900,0,1.0,SEDENTARY,0.0,3.0
x516c570-65b99b90-6,WALKING,6,67,48.0,900,240,1706662800,0,2.1644206,ACTIVE,4.25,6.0
x516c570-65b99b90-0,GENERIC,2,0,0.0,900,0,1706662800,0,1.0,SEDENTARY,0.0,6.0
x516c570-65b99b90-8,SEDENTARY,0,0,0.0,900,660,1706662800,0,1.0,SEDENTARY,0.0,6.0
x516c570-65b99f14-0,GENERIC,0,0,0.0,900,0,1706663700,0,1.0,SEDENTARY,0.0,4.0
x516c570-65b99f14-8,SEDENTARY,0,0,0.0,900,900,1706663700,0,1.0,SEDENTARY,0.0,3.0
x516c570-65b9a298-8,SEDENTARY,0,0,0.0,900,900,1706664600,0,1.0,SEDENTARY,0.0,4.0
x516c570-65b9a61c-8,SEDENTARY,0,0,0.0,900,900,1706665500,0,1.0,SEDENTARY,0.0,5.0
x516c570-65b9a9a0-8,SEDENTARY,0,0,0.0,900,900,1706666400,0,1.0,SEDENTARY,0.0,5.0
x516c570-65b9ad24-8,SEDENTARY,0,0,0.0,900,900,1706667300,0,1.0,SEDENTARY,0.0,4.0
x516c570-65b9b0a8-8,SEDENTARY,0,0,0.0,900,900,1706668200,0,1.0,SEDENTARY,0.0,0.0
x516c570-65b9b42c-8,SEDENTARY,0,0,0.0,900,900,1706669100,0,1.0,SEDENTARY,0.0,0.0
x516c570-65b9b7b0-8,SEDENTARY,0,0,0.0,900,900,1706670000,0,1.0,SEDENTARY,0.0,2.0
x516c570-65b9bb34-8,SEDENTARY,0,0,0.0,900,900,1706670900,0,1.0,SEDENTARY,0.0,3.0
x516c570-65b9beb8-8,SEDENTARY,0,0,0.0,900,900,1706671800,0,1.0,SEDENTARY,0.0,3.0
x516c570-65b9c23c-8,SEDENTARY,0,0,0.0,900,900,1706672700,0,1.0,SEDENTARY,0.0,2.0
x516c570-65b9c5c0-8,SEDENTARY,0,0,0.0,900,900,1706673600,0,1.0,SEDENTARY,0.0,0.0
x516c570-65b9c944-8,SEDENTARY,0,0,0.0,900,900,1706674500,0,1.0,SEDENTARY,0.0,2.0
x516c570-65b9ccc8-8,SEDENTARY,0,0,0.0,900,900,1706675400,0,1.0,SEDENTARY,0.0,4.0
x516c570-65b9d04c-8,SEDENTARY,0,0,0.0,900,900,1706676300,0,1.0,SEDENTARY,0.0,2.0
x516c570-65b9d3d0-8,SEDENTARY,0,0,0.0,900,900,1706677200,0,1.0,SEDENTARY,0.0,3.0
x516c570-65b9d754-8,SEDENTARY,0,0,0.0,900,900,1706678100,0,1.0,SEDENTARY,0.0,0.0
x516c570-65b9dad8-8,SEDENTARY,0,0,0.0,900,900,1706679000,0,1.0,SEDENTARY,0.0,3.0
x516c570-65b9de5c-8,SEDENTARY,0,0,0.0,900,900,1706679900,0,1.0,SEDENTARY,0.0,0.0
x516c570-65b9e1e0-8,SEDENTARY,0,0,0.0,900,900,1706680800,0,1.0,SEDENTARY,0.0,2.0
x516c570-65b9e564-8,SEDENTARY,0,0,0.0,900,900,1706681700,0,1.0,SEDENTARY,0.0,2.0
x516c570-65b9e8e8-8,SEDENTARY,0,0,0.0,900,900,1706682600,0,1.0,SEDENTARY,0.0,2.0
x516c570-65b9ec6c-8,SEDENTARY,0,0,0.0,900,900,1706683500,0,1.0,SEDENTARY,0.0,2.0
x516c570-65b9eff0-6,WALKING,0,13,9.31,900,60,1706684400,0,1.0,ACTIVE,4.0,4.0
x516c570-65b9eff0-8,SEDENTARY,0,0,0.0,900,840,1706684400,0,1.0,SEDENTARY,0.0,3.0
x516c570-65b9f374-6,WALKING,2,19,13.61,900,60,1706685300,0,2.5525606,ACTIVE,3.0,3.0
x516c570-65b9f374-0,GENERIC,2,0,0.0,900,0,1706685300,0,1.0,SEDENTARY,0.0,3.0
x516c570-65b9f374-8,SEDENTARY,0,0,0.0,900,840,1706685300,0,1.0,SEDENTARY,0.0,5.0
x516c570-65b9f6f8-8,SEDENTARY,0,0,0.0,900,900,1706686200,0,1.0,SEDENTARY,0.0,3.0
x516c570-65b9fa7c-8,SEDENTARY,0,0,0.0,900,900,1706687100,0,1.0,SEDENTARY,0.0,3.0
x516c570-65b9fe00-8,SEDENTARY,0,0,0.0,900,900,1706688000,0,1.0,SEDENTARY,0.0,3.0
x516c570-65ba0184-6,WALKING,2,13,9.32,900,60,1706688900,0,2.5525606,ACTIVE,4.0,4.0
x516c570-65ba0184-0,GENERIC,0,0,0.0,900,0,1706688900,0,1.0,SEDENTARY,0.0,1.0
x516c570-65ba0184-8,SEDENTARY,0,0,0.0,900,840,1706688900,0,1.0,SEDENTARY,0.0,5.0
x516c570-65ba0508-8,SEDENTARY,0,0,0.0,900,900,1706689800,0,1.0,SEDENTARY,0.0,4.0
x516c570-65ba088c-6,WALKING,7,60,42.98,900,240,1706690700,0,2.3584907,ACTIVE,2.0,2.0
x516c570-65ba088c-0,GENERIC,12,0,0.0,900,0,1706690700,0,1.0,SEDENTARY,0.0,5.0
x516c570-65ba088c-8,SEDENTARY,0,0,0.0,900,660,1706690700,0,1.0,SEDENTARY,0.0,5.0
x516c570-65ba0c10-8,SEDENTARY,0,0,0.0,900,900,1706691600,0,1.0,SEDENTARY,0.0,4.0
x516c570-65ba0f94-1,RUNNING,1,4,4.3,900,60,1706692500,0,1.7762803,HIGHLY_ACTIVE,4.0,4.0
x516c570-65ba0f94-6,WALKING,6,131,93.85,900,360,1706692500,0,1.7762803,ACTIVE,2.6666666666666665,4.0
x516c570-65ba0f94-8,SEDENTARY,0,0,0.0,900,480,1706692500,0,1.0,SEDENTARY,0.0,5.0
x516c570-65ba1318-6,WALKING,13,143,102.44,900,420,1706693400,0,2.4416635,ACTIVE,2.2857142857142856,3.0
x516c570-65ba1318-0,GENERIC,2,0,0.0,900,0,1706693400,0,1.0,SEDENTARY,0.0,6.0
x516c570-65ba1318-8,SEDENTARY,0,0,0.0,900,480,1706693400,0,1.0,SEDENTARY,0.0,6.0
x516c570-65ba169c-6,WALKING,7,129,92.42,900,240,1706694300,0,2.3584907,ACTIVE,2.0,3.0
x516c570-65ba169c-0,GENERIC,2,0,0.0,900,0,1706694300,0,1.0,SEDENTARY,0.0,5.0
x516c570-65ba169c-8,SEDENTARY,0,0,0.0,900,660,1706694300,0,1.0,SEDENTARY,0.0,5.0
x516c570-65ba1a20-6,WALKING,8,185,132.53,900,180,1706695200,0,3.0700808,ACTIVE,3.0,3.0
x516c570-65ba1a20-0,GENERIC,4,0,0.0,900,0,1706695200,0,1.0,SEDENTARY,0.0,5.0
x516c570-65ba1a20-8,SEDENTARY,0,0,0.0,900,720,1706695200,0,1.0,SEDENTARY,0.0,4.0
x516c570-65ba1da4-6,WALKING,1,66,47.29,900,60,1706696100,0,1.7762803,ACTIVE,3.0,3.0
x516c570-65ba1da4-8,SEDENTARY,0,0,0.0,900,840,1706696100,0,1.0,SEDENTARY,0.0,4.0
x516c570-65ba2128-6,WALKING,7,81,58.02,900,180,1706697000,0,2.8113208,ACTIVE,2.3333333333333335,3.0
x516c570-65ba2128-0,GENERIC,2,0,0.0,900,0,1706697000,0,1.0,SEDENTARY,0.0,4.0
x516c570-65ba2128-8,SEDENTARY,0,0,0.0,900,720,1706697000,0,1.0,SEDENTARY,0.0,5.0
x516c570-65ba24ac-6,WALKING,1,45,32.24,900,60,1706697900,0,1.7762803,ACTIVE,3.0,3.0
x516c570-65ba24ac-0,GENERIC,1,0,0.0,900,0,1706697900,0,1.0,SEDENTARY,0.0,3.0
x516c570-65ba24ac-8,SEDENTARY,0,0,0.0,900,840,1706697900,0,1.0,SEDENTARY,0.0,4.0
x516c570-65ba2830-6,WALKING,1,26,18.63,900,60,1706698800,0,1.7762803,ACTIVE,4.0,4.0
x516c570-65ba2830-8,SEDENTARY,0,0,0.0,900,840,1706698800,0,1.0,SEDENTARY,0.0,4.0
x516c570-65ba2bb4-6,WALKING,2,45,32.24,900,60,1706699700,0,2.5525606,ACTIVE,3.0,3.0
x516c570-65ba2bb4-8,SEDENTARY,0,0,0.0,900,840,1706699700,0,1.0,SEDENTARY,0.0,4.0
x516c570-65ba2f38-8,SEDENTARY,0,0,0.0,900,900,1706700600,0,1.0,SEDENTARY,0.0,4.0
x516c570-65ba32bc-6,WALKING,1,63,45.13,900,40,1706701500,0,2.1644206,ACTIVE,2.0,2.0
x516c570-65ba32bc-8,SEDENTARY,0,0,0.0,900,860,1706701500,0,1.0,SEDENTARY,0.0,4.0
x516c570-65ba3640-8,SEDENTARY,0,0,0.0,900,900,1706702400,0,1.0,SEDENTARY,0.0,3.0
x516c570-65ba39c4-8,SEDENTARY,0,0,0.0,900,900,1706703300,0,1.0,SEDENTARY,0.0,3.0
x516c570-65ba3d48-8,SEDENTARY,0,0,0.0,900,900,1706704200,0,1.0,SEDENTARY,0.0,3.0
x516c570-65ba40cc-8,SEDENTARY,0,0,0.0,900,900,1706705100,0,1.0,SEDENTARY,0.0,3.0
x516c570-65ba4450-8,SEDENTARY,0,0,0.0,900,900,1706706000,0,1.0,SEDENTARY,0.0,3.0
x516c570-65ba5260-6,WALKING,6,144,103.16,900,130,1706709600,0,3.1496994,ACTIVE,1.0,1.0
x516c570-65ba5260-8,SEDENTARY,0,0,0.0,900,770,1706709600,0,1.0,SEDENTARY,0.0,3.0
x516c570-65ba55e4-6,WALKING,2,104,74.5,900,60,1706710500,0,2.5525606,ACTIVE,3.0,3.0
x516c570-65ba55e4-0,GENERIC,13,0,0.0,900,0,1706710500,0,1.0,SEDENTARY,0.0,5.0
x516c570-65ba55e4-8,SEDENTARY,0,0,0.0,900,840,1706710500,0,1.0,SEDENTARY,0.0,4.0
x516c570-65ba5968-0,GENERIC,1,0,0.0,900,0,1706711400,0,1.0,SEDENTARY,0.0,5.0
x516c570-65ba5968-8,SEDENTARY,0,0,0.0,900,900,1706711400,0,1.0,SEDENTARY,0.0,3.0
x516c570-65ba5cec-0,GENERIC,10,0,0.0,900,0,1706712300,0,1.0,SEDENTARY,0.0,3.0
x516c570-65ba5cec-8,SEDENTARY,0,0,0.0,900,900,1706712300,0,1.0,SEDENTARY,0.0,3.0
x516c570-65ba6070-0,GENERIC,2,0,0.0,900,0,1706713200,0,1.0,SEDENTARY,0.0,3.0
x516c570-65ba6070-8,SEDENTARY,0,0,0.0,900,900,1706713200,0,1.0,SEDENTARY,0.0,3.0
x516c570-65ba63f4-6,WALKING,4,61,43.7,900,60,1706714100,0,4.1051216,ACTIVE,2.0,2.0
x516c570-65ba63f4-0,GENERIC,12,0,0.0,900,0,1706714100,0,1.0,SEDENTARY,0.0,4.0
x516c570-65ba63f4-8,SEDENTARY,0,0,0.0,900,840,1706714100,0,1.0,SEDENTARY,0.0,3.0
x516c570-65ba6778-0,GENERIC,5,0,0.0,900,0,1706715000,0,1.0,SEDENTARY,0.0,3.0
x516c570-65ba6778-8,SEDENTARY,0,0,0.0,900,900,1706715000,0,1.0,SEDENTARY,0.0,4.0
x516c570-65ba6afc-0,GENERIC,19,0,0.0,900,0,1706715900,0,1.0,SEDENTARY,0.0,3.0
x516c570-65ba6afc-8,SEDENTARY,0,0,0.0,900,900,1706715900,0,1.0,SEDENTARY,0.0,3.0
x516c570-65ba6e80-0,GENERIC,8,0,0.0,900,0,1706716800,0,1.0,SEDENTARY,0.0,4.0
x516c570-65ba6e80-8,SEDENTARY,0,0,0.0,900,900,1706716800,0,1.0,SEDENTARY,0.0,3.0
x516c570-65ba7204-0,GENERIC,2,0,0.0,900,0,1706717700,0,1.0,SEDENTARY,0.0,2.0
x516c570-65ba7204-8,SEDENTARY,0,0,0.0,900,900,1706717700,0,1.0,SEDENTARY,0.0,3.0
x516c570-65ba7588-0,GENERIC,5,0,0.0,900,0,1706718600,0,1.0,SEDENTARY,0.0,4.0
x516c570-65ba7588-8,SEDENTARY,0,0,0.0,900,900,1706718600,0,1.0,SEDENTARY,0.0,4.0
x516c570-65ba790c-0,GENERIC,6,0,0.0,900,0,1706719500,0,1.0,SEDENTARY,0.0,4.0
x516c570-65ba790c-8,SEDENTARY,0,0,0.0,900,900,1706719500,0,1.0,SEDENTARY,0.0,3.0
x516c570-65ba7c90-0,GENERIC,3,0,0.0,900,0,1706720400,0,1.0,SEDENTARY,0.0,2.0
x516c570-65ba7c90-8,SEDENTARY,0,0,0.0,900,900,1706720400,0,1.0,SEDENTARY,0.0,3.0
x516c570-65ba8014-0,GENERIC,1,0,0.0,900,0,1706721300,0,1.0,SEDENTARY,0.0,1.0
x516c570-65ba8014-8,SEDENTARY,0,0,0.0,900,900,1706721300,0,1.0,SEDENTARY,0.0,3.0
x516c570-65ba8398-6,WALKING,8,94,67.35,900,165,1706722200,0,3.25827,ACTIVE,1.0,1.0
x516c570-65ba8398-0,GENERIC,8,0,0.0,900,0,1706722200,0,1.0,SEDENTARY,0.0,6.0
x516c570-65ba8398-8,SEDENTARY,0,0,0.0,900,735,1706722200,0,1.0,SEDENTARY,0.0,3.0
x516c570-65ba871c-6,WALKING,14,308,220.65,900,300,1706723100,0,3.1735847,ACTIVE,2.4,4.0
x516c570-65ba871c-0,GENERIC,12,0,0.0,900,0,1706723100,0,1.0,SEDENTARY,0.0,5.0
x516c570-65ba871c-8,SEDENTARY,0,0,0.0,900,600,1706723100,0,1.0,SEDENTARY,0.0,5.0
x516c570-65ba8aa0-6,WALKING,31,507,363.21,900,720,1706724000,0,3.005391,ACTIVE,2.25,3.0
x516c570-65ba8aa0-0,GENERIC,5,0,0.0,900,0,1706724000,0,1.0,SEDENTARY,0.0,6.0
x516c570-65ba8aa0-8,SEDENTARY,0,0,0.0,900,180,1706724000,0,1.0,SEDENTARY,0.0,5.0
x516c570-65ba8e24-6,WALKING,18,493,353.19,900,600,1706724900,0,2.3973045,ACTIVE,2.4,4.0
x516c570-65ba8e24-0,GENERIC,4,0,0.0,900,0,1706724900,0,1.0,SEDENTARY,0.0,6.0
x516c570-65ba8e24-8,SEDENTARY,0,0,0.0,900,300,1706724900,0,1.0,SEDENTARY,0.0,5.0
x516c570-65ba91a8-6,WALKING,8,59,42.26,900,240,1706725800,0,2.5525606,ACTIVE,2.75,3.0
x516c570-65ba91a8-0,GENERIC,6,0,0.0,900,0,1706725800,0,1.0,SEDENTARY,0.0,5.0
x516c570-65ba91a8-8,SEDENTARY,0,0,0.0,900,660,1706725800,0,1.0,SEDENTARY,0.0,6.0
x516c570-65ba952c-6,WALKING,3,62,44.42,900,120,1706726700,0,2.1644206,ACTIVE,3.0,3.0
x516c570-65ba952c-0,GENERIC,5,0,0.0,900,0,1706726700,0,1.0,SEDENTARY,0.0,6.0
x516c570-65ba952c-8,SEDENTARY,0,0,0.0,900,780,1706726700,0,1.0,SEDENTARY,0.0,4.0
x516c570-65ba98b0-1,RUNNING,6,109,117.13,900,120,1706727600,0,3.3288412,HIGHLY_ACTIVE,5.0,5.0
x516c570-65ba98b0-6,WALKING,3,40,28.66,900,240,1706727600,0,1.5822103,ACTIVE,2.0,4.0
x516c570-65ba98b0-0,GENERIC,3,0,0.0,900,0,1706727600,0,1.0,SEDENTARY,0.0,5.0
x516c570-65ba98b0-8,SEDENTARY,0,0,0.0,900,540,1706727600,0,1.0,SEDENTARY,0.0,5.0
x516c570-65ba9c34-6,WALKING,3,28,20.06,900,120,1706728500,0,2.1644206,ACTIVE,1.0,1.0
x516c570-65ba9c34-0,GENERIC,2,0,0.0,900,0,1706728500,0,1.0,SEDENTARY,0.0,5.0
x516c570-65ba9c34-8,SEDENTARY,0,0,0.0,900,780,1706728500,0,1.0,SEDENTARY,0.0,6.0
x516c570-65ba9fb8-1,RUNNING,6,65,69.85,900,180,1706729400,0,2.5525606,HIGHLY_ACTIVE,3.6666666666666665,4.0
x516c570-65ba9fb8-6,WALKING,12,176,126.08,900,360,1706729400,0,2.5525606,ACTIVE,3.0,4.0
x516c570-65ba9fb8-0,GENERIC,2,0,0.0,900,0,1706729400,0,1.0,SEDENTARY,0.0,3.0
x516c570-65ba9fb8-8,SEDENTARY,0,0,0.0,900,360,1706729400,0,1.0,SEDENTARY,0.0,4.0
x516c570-65baa33c-0,GENERIC,2,0,0.0,900,0,1706730300,0,1.0,SEDENTARY,0.0,3.0
x516c570-65baa33c-8,SEDENTARY,0,0,0.0,900,900,1706730300,0,1.0,SEDENTARY,0.0,4.0
x516c570-65baa6c0-6,WALKING,6,105,75.22,900,240,1706731200,0,2.1644206,ACTIVE,2.0,2.0
x516c570-65baa6c0-0,GENERIC,1,0,0.0,900,0,1706731200,0,1.0,SEDENTARY,0.0,2.0
x516c570-65baa6c0-8,SEDENTARY,0,0,0.0,900,660,1706731200,0,1.0,SEDENTARY,0.0,4.0
x516c570-65baaa44-1,RUNNING,3,38,40.83,900,120,1706732100,0,2.1644206,HIGHLY_ACTIVE,3.5,4.0
x516c570-65baaa44-6,WALKING,12,91,65.2,900,360,1706732100,0,2.5525606,ACTIVE,2.0,4.0
x516c570-65baaa44-0,GENERIC,6,0,0.0,900,0,1706732100,0,1.0,SEDENTARY,0.0,6.0
x516c570-65baaa44-8,SEDENTARY,0,0,0.0,900,420,1706732100,0,1.0,SEDENTARY,0.0,5.0
x516c570-65baadc8-6,WALKING,2,40,28.65,900,90,1706733000,0,2.0350404,ACTIVE,3.0,4.0
x516c570-65baadc8-8,SEDENTARY,0,0,0.0,900,810,1706733000,0,1.0,SEDENTARY,0.0,5.0
x516c570-65bab14c-6,WALKING,4,52,37.26,900,165,1706733900,0,2.129135,ACTIVE,0.36363636363636365,2.0
x516c570-65bab14c-0,GENERIC,2,0,0.0,900,0,1706733900,0,1.0,SEDENTARY,0.0,6.0
x516c570-65bab14c-8,SEDENTARY,0,0,0.0,900,735,1706733900,0,1.0,SEDENTARY,0.0,4.0
x516c570-65bab4d0-6,WALKING,25,171,122.5,900,600,1706734800,0,2.9407005,ACTIVE,2.3,3.0
x516c570-65bab4d0-0,GENERIC,10,0,0.0,900,0,1706734800,0,1.0,SEDENTARY,0.0,6.0
x516c570-65bab854-6,WALKING,11,96,68.77,900,300,1706735700,0,2.7078166,ACTIVE,2.0,2.0
x516c570-65bab854-0,GENERIC,13,0,0.0,900,0,1706735700,0,1.0,SEDENTARY,0.0,5.0
x516c570-65bab854-8,SEDENTARY,0,0,0.0,900,600,1706735700,0,1.0,SEDENTARY,0.0,4.0
x516c570-65babbd8-6,WALKING,12,74,53.02,900,300,1706736600,0,2.8630726,ACTIVE,1.6,2.0
x516c570-65babbd8-0,GENERIC,25,0,0.0,900,0,1706736600,0,1.0,SEDENTARY,0.0,5.0
x516c570-65babf5c-6,WALKING,18,127,90.98,900,420,1706737500,0,2.9961495,ACTIVE,2.5714285714285716,3.0
x516c570-65babf5c-0,GENERIC,8,0,0.0,900,0,1706737500,0,1.0,SEDENTARY,0.0,5.0
x516c570-65babf5c-8,SEDENTARY,1,0,0.0,900,480,1706737500,0,1.097035,SEDENTARY,0.0,5.0
x516c570-65bac2e0-6,WALKING,0,9,6.45,900,60,1706738400,0,1.0,ACTIVE,1.0,1.0
x516c570-65bac2e0-0,GENERIC,8,0,0.0,900,0,1706738400,0,1.0,SEDENTARY,0.0,4.0
x516c570-65bac2e0-8,SEDENTARY,0,0,0.0,900,840,1706738400,0,1.0,SEDENTARY,0.0,5.0
x516c570-65bac664-6,WALKING,4,23,16.48,900,60,1706739300,0,4.1051216,ACTIVE,3.0,3.0
x516c570-65bac664-0,GENERIC,3,0,0.0,900,0,1706739300,0,1.0,SEDENTARY,0.0,5.0
x516c570-65bac664-8,SEDENTARY,0,0,0.0,900,840,1706739300,0,1.0,SEDENTARY,0.0,4.0
x516c570-65bac9e8-8,SEDENTARY,0,0,0.0,900,900,1706740200,0,1.0,SEDENTARY,0.0,3.0
x516c570-65bacd6c-8,SEDENTARY,0,0,0.0,900,900,1706741100,0,1.0,SEDENTARY,0.0,3.0
x516c570-65bad0f0-6,WALKING,3,18,12.89,900,120,1706742000,0,2.1644206,ACTIVE,3.0,3.0
x516c570-65bad0f0-8,SEDENTARY,0,0,0.0,900,780,1706742000,0,1.0,SEDENTARY,0.0,5.0
x516c570-65bad474-6,WALKING,1,26,18.63,900,120,1706742900,0,1.3881402,ACTIVE,4.5,7.0
x516c570-65bad474-0,GENERIC,1,0,0.0,900,0,1706742900,0,1.0,SEDENTARY,0.0,4.0
x516c570-65bad474-8,SEDENTARY,0,0,0.0,900,780,1706742900,0,1.0,SEDENTARY,0.0,5.0
x516c570-65bad7f8-6,WALKING,2,36,25.79,900,120,1706743800,0,1.7762803,ACTIVE,3.0,3.0
x516c570-65bad7f8-8,SEDENTARY,0,0,0.0,900,780,1706743800,0,1.0,SEDENTARY,0.0,5.0
x516c570-65badb7c-6,WALKING,6,56,40.06,900,186,1706744700,0,2.5024781,ACTIVE,1.3870967741935485,3.0
x516c570-65badb7c-0,GENERIC,3,0,0.0,900,0,1706744700,0,1.0,SEDENTARY,0.0,4.0
x516c570-65badb7c-8,SEDENTARY,0,0,0.0,900,714,1706744700,0,1.0,SEDENTARY,0.0,5.0
x516c570-65badf00-6,WALKING,7,86,61.61,900,179,1706745600,0,2.8214397,ACTIVE,1.3407821229050279,3.0
x516c570-65badf00-0,GENERIC,3,0,0.0,900,0,1706745600,0,1.0,SEDENTARY,0.0,5.0
x516c570-65badf00-8,SEDENTARY,2,0,0.0,900,721,1706745600,0,1.1292006,SEDENTARY,0.0,5.0
x516c570-65bae284-6,WALKING,14,112,80.24,900,360,1706746500,0,2.8113208,ACTIVE,2.8333333333333335,3.0
x516c570-65bae284-0,GENERIC,3,0,0.0,900,0,1706746500,0,1.0,SEDENTARY,0.0,4.0
x516c570-65bae284-8,SEDENTARY,0,0,0.0,900,540,1706746500,0,1.0,SEDENTARY,0.0,5.0
x516c570-65bae608-6,WALKING,10,147,105.31,900,180,1706747400,0,3.5876012,ACTIVE,2.0,2.0
x516c570-65bae608-0,GENERIC,8,0,0.0,900,0,1706747400,0,1.0,SEDENTARY,0.0,6.0
x516c570-65bae608-8,SEDENTARY,0,0,0.0,900,720,1706747400,0,1.0,SEDENTARY,0.0,2.0
x516c570-65bae98c-8,SEDENTARY,0,0,0.0,900,900,1706748300,0,1.0,SEDENTARY,0.0,4.0
x516c570-65baed10-8,SEDENTARY,0,0,0.0,900,900,1706749200,0,1.0,SEDENTARY,0.0,3.0
x516c570-65baf094-8,SEDENTARY,0,0,0.0,900,900,1706750100,0,1.0,SEDENTARY,0.0,3.0
x516c570-65baf418-8,SEDENTARY,0,0,0.0,900,900,1706751000,0,1.0,SEDENTARY,0.0,3.0
x516c570-65baf79c-8,SEDENTARY,0,0,0.0,900,900,1706751900,0,1.0,SEDENTARY,0.0,0.0
x516c570-65bafb20-8,SEDENTARY,0,0,0.0,900,900,1706752800,0,1.0,SEDENTARY,0.0,0.0
x516c570-65bafea4-8,SEDENTARY,0,0,0.0,900,900,1706753700,0,1.0,SEDENTARY,0.0,2.0
x516c570-65bb0228-8,SEDENTARY,0,0,0.0,900,900,1706754600,0,1.0,SEDENTARY,0.0,2.0
x516c570-65bb05ac-8,SEDENTARY,0,0,0.0,900,900,1706755500,0,1.0,SEDENTARY,0.0,1.0
x516c570-65bb0930-8,SEDENTARY,0,0,0.0,900,900,1706756400,0,1.0,SEDENTARY,0.0,4.0
x516c570-65bb0cb4-8,SEDENTARY,0,0,0.0,900,900,1706757300,0,1.0,SEDENTARY,0.0,1.0
x516c570-65bb1038-8,SEDENTARY,0,0,0.0,900,900,1706758200,0,1.0,SEDENTARY,0.0,0.0
x516c570-65bb13bc-8,SEDENTARY,0,0,0.0,900,900,1706759100,0,1.0,SEDENTARY,0.0,1.0
x516c570-65bb1740-8,SEDENTARY,0,0,0.0,900,900,1706760000,0,1.0,SEDENTARY,0.0,2.0
x516c570-65bb1ac4-8,SEDENTARY,0,0,0.0,900,900,1706760900,0,1.0,SEDENTARY,0.0,1.0
x516c570-65bb1e48-8,SEDENTARY,0,0,0.0,900,900,1706761800,0,1.0,SEDENTARY,0.0,2.0
x516c570-65bb21cc-8,SEDENTARY,0,0,0.0,900,900,1706762700,0,1.0,SEDENTARY,0.0,1.0
x516c570-65bb2550-8,SEDENTARY,0,0,0.0,900,900,1706763600,0,1.0,SEDENTARY,0.0,3.0
x516c570-65bb28d4-8,SEDENTARY,0,0,0.0,900,900,1706764500,0,1.0,SEDENTARY,0.0,3.0
x516c570-65bb2c58-8,SEDENTARY,0,0,0.0,900,900,1706765400,0,1.0,SEDENTARY,0.0,0.0
x516c570-65bb2fdc-8,SEDENTARY,0,0,0.0,900,900,1706766300,0,1.0,SEDENTARY,0.0,3.0
x516c570-65bb3360-8,SEDENTARY,0,0,0.0,900,900,1706767200,0,1.0,SEDENTARY,0.0,0.0
x516c570-65bb36e4-8,SEDENTARY,0,0,0.0,900,900,1706768100,0,1.0,SEDENTARY,0.0,3.0
x516c570-65bb3a68-8,SEDENTARY,0,0,0.0,900,900,1706769000,0,1.0,SEDENTARY,0.0,3.0
x516c570-65bb3dec-8,SEDENTARY,0,0,0.0,900,900,1706769900,0,1.0,SEDENTARY,0.0,3.0
x516c570-65bb4170-8,SEDENTARY,0,0,0.0,900,900,1706770800,0,1.0,SEDENTARY,0.0,4.0
x516c570-65bb44f4-8,SEDENTARY,0,0,0.0,900,900,1706771700,0,1.0,SEDENTARY,0.0,2.0
x516c570-65bb4878-6,WALKING,3,49,35.1,900,120,1706772600,0,2.1644206,ACTIVE,4.0,4.0
x516c570-65bb4878-8,SEDENTARY,0,0,0.0,900,780,1706772600,0,1.0,SEDENTARY,0.0,4.0
x516c570-65bb4bfc-6,WALKING,10,93,66.63,900,240,1706773500,0,2.9407008,ACTIVE,2.25,3.0
x516c570-65bb4bfc-0,GENERIC,5,0,0.0,900,0,1706773500,0,1.0,SEDENTARY,0.0,5.0
x516c570-65bb4bfc-8,SEDENTARY,0,0,0.0,900,660,1706773500,0,1.0,SEDENTARY,0.0,4.0
x516c570-65bb4f80-8,SEDENTARY,0,0,0.0,900,900,1706774400,0,1.0,SEDENTARY,0.0,4.0
x516c570-65bb5304-8,SEDENTARY,0,0,0.0,900,900,1706775300,0,1.0,SEDENTARY,0.0,4.0
x516c570-65bb5688-6,WALKING,19,222,159.04,900,420,1706776200,0,3.1070466,ACTIVE,2.4285714285714284,4.0
x516c570-65bb5688-0,GENERIC,9,0,0.0,900,0,1706776200,0,1.0,SEDENTARY,0.0,7.0
x516c570-65bb5688-8,SEDENTARY,0,0,0.0,900,480,1706776200,0,1.0,SEDENTARY,0.0,6.0
x516c570-65bb5a0c-6,WALKING,2,47,33.67,900,180,1706777100,0,1.5175202,ACTIVE,2.0,2.0
x516c570-65bb5a0c-0,GENERIC,5,0,0.0,900,0,1706777100,0,1.0,SEDENTARY,0.0,4.0
x516c570-65bb5a0c-8,SEDENTARY,0,0,0.0,900,720,1706777100,0,1.0,SEDENTARY,0.0,5.0
x516c570-65bb5d90-6,WALKING,2,9,6.45,900,60,1706778000,0,2.5525606,ACTIVE,1.0,1.0
x516c570-65bb5d90-8,SEDENTARY,0,0,0.0,900,840,1706778000,0,1.0,SEDENTARY,0.0,5.0
x516c570-65bb6114-6,WALKING,1,12,8.59,900,60,1706778900,0,1.7762803,ACTIVE,3.0,3.0
x516c570-65bb6114-8,SEDENTARY,0,0,0.0,900,840,1706778900,0,1.0,SEDENTARY,0.0,5.0
x516c570-65bb6498-8,SEDENTARY,0,0,0.0,900,900,1706779800,0,1.0,SEDENTARY,0.0,5.0
x516c570-65bb681c-6,WALKING,16,494,353.9,900,300,1706780700,0,3.4840968,ACTIVE,3.0,3.0
x516c570-65bb681c-0,GENERIC,1,0,0.0,900,0,1706780700,0,1.0,SEDENTARY,0.0,2.0
x516c570-65bb681c-8,SEDENTARY,0,0,0.0,900,600,1706780700,0,1.0,SEDENTARY,0.0,5.0
x516c570-65bb6ba0-6,WALKING,1,52,37.26,900,60,1706781600,0,1.7762803,ACTIVE,3.0,3.0
x516c570-65bb6ba0-8,SEDENTARY,0,0,0.0,900,840,1706781600,0,1.0,SEDENTARY,0.0,4.0
x516c570-65bb6f24-6,WALKING,1,37,26.5,900,60,1706782500,0,1.7762803,ACTIVE,3.0,3.0
x516c570-65bb6f24-8,SEDENTARY,0,0,0.0,900,840,1706782500,0,1.0,SEDENTARY,0.0,4.0
x516c570-65bb72a8-6,WALKING,1,28,20.06,900,60,1706783400,0,1.7762803,ACTIVE,2.0,2.0
x516c570-65bb72a8-8,SEDENTARY,0,0,0.0,900,840,1706783400,0,1.0,SEDENTARY,0.0,4.0
x516c570-65bb762c-6,WALKING,19,546,391.16,900,420,1706784300,0,3.1070466,ACTIVE,2.7142857142857144,3.0
x516c570-65bb762c-0,GENERIC,7,0,0.0,900,0,1706784300,0,1.0,SEDENTARY,0.0,6.0
x516c570-65bb762c-8,SEDENTARY,0,0,0.0,900,480,1706784300,0,1.0,SEDENTARY,0.0,6.0
x516c570-65bb79b0-6,WALKING,3,37,26.5,900,60,1706785200,0,3.3288412,ACTIVE,3.0,3.0
x516c570-65bb79b0-0,GENERIC,2,0,0.0,900,0,1706785200,0,1.0,SEDENTARY,0.0,5.0
x516c570-65bb79b0-8,SEDENTARY,0,0,0.0,900,840,1706785200,0,1.0,SEDENTARY,0.0,6.0
x516c570-65bb7d34-8,SEDENTARY,0,0,0.0,900,900,1706786100,0,1.0,SEDENTARY,0.0,5.0
x516c570-65bb80b8-8,SEDENTARY,0,0,0.0,900,900,1706787000,0,1.0,SEDENTARY,0.0,5.0
x516c570-65bb843c-6,WALKING,4,46,32.96,900,60,1706787900,0,4.1051216,ACTIVE,2.0,2.0
x516c570-65bb843c-0,GENERIC,7,0,0.0,900,0,1706787900,0,1.0,SEDENTARY,0.0,3.0
x516c570-65bb843c-8,SEDENTARY,0,0,0.0,900,840,1706787900,0,1.0,SEDENTARY,0.0,5.0
x516c570-65bb87c0-8,SEDENTARY,0,0,0.0,900,900,1706788800,0,1.0,SEDENTARY,0.0,4.0
x516c570-65bb8b44-8,SEDENTARY,0,0,0.0,900,900,1706789700,0,1.0,SEDENTARY,0.0,3.0
x516c570-65bb8ec8-6,WALKING,0,13,9.31,900,15,1706790600,0,1.0,ACTIVE,1.0,1.0
x516c570-65bb8ec8-8,SEDENTARY,0,0,0.0,900,885,1706790600,0,1.0,SEDENTARY,0.0,5.0
x516c570-65bb924c-6,WALKING,5,31,22.21,900,150,1706791500,0,2.5525606,ACTIVE,1.0,1.0
x516c570-65bb924c-0,GENERIC,7,0,0.0,900,0,1706791500,0,1.0,SEDENTARY,0.0,5.0
x516c570-65bb924c-8,SEDENTARY,0,0,0.0,900,750,1706791500,0,1.0,SEDENTARY,0.0,5.0
x516c570-65bb95d0-6,WALKING,1,62,44.42,900,105,1706792400,0,1.4435887,ACTIVE,2.2857142857142856,3.0
x516c570-65bb95d0-8,SEDENTARY,0,0,0.0,900,795,1706792400,0,1.0,SEDENTARY,0.0,5.0
x516c570-65bb9954-6,WALKING,4,128,91.7,900,150,1706793300,0,2.2420485,ACTIVE,2.5,4.0
x516c570-65bb9954-0,GENERIC,1,0,0.0,900,0,1706793300,0,1.0,SEDENTARY,0.0,5.0
x516c570-65bb9954-8,SEDENTARY,0,0,0.0,900,750,1706793300,0,1.0,SEDENTARY,0.0,5.0
x516c570-65bb9cd8-6,WALKING,3,115,82.38,900,135,1706794200,0,2.0350404,ACTIVE,2.2222222222222223,3.0
x516c570-65bb9cd8-0,GENERIC,8,0,0.0,900,0,1706794200,0,1.0,SEDENTARY,0.0,6.0
x516c570-65bb9cd8-8,SEDENTARY,0,0,0.0,900,765,1706794200,0,1.0,SEDENTARY,0.0,5.0
x516c570-65bba05c-6,WALKING,2,100,71.64,900,60,1706795100,0,2.5525606,ACTIVE,3.0,3.0
x516c570-65bba05c-0,GENERIC,4,0,0.0,900,0,1706795100,0,1.0,SEDENTARY,0.0,5.0
x516c570-65bba05c-8,SEDENTARY,0,0,0.0,900,840,1706795100,0,1.0,SEDENTARY,0.0,5.0
x516c570-65bba3e0-8,SEDENTARY,0,0,0.0,900,900,1706796000,0,1.0,SEDENTARY,0.0,4.0
x516c570-65bba764-6,WALKING,1,33,23.64,900,30,1706796900,0,2.5525606,ACTIVE,4.0,4.0
x516c570-65bba764-8,SEDENTARY,0,0,0.0,900,870,1706796900,0,1.0,SEDENTARY,0.0,6.0
x516c570-65bbaae8-6,WALKING,3,139,99.58,900,165,1706797800,0,1.8468512,ACTIVE,1.9090909090909092,2.0
x516c570-65bbaae8-8,SEDENTARY,0,0,0.0,900,735,1706797800,0,1.0,SEDENTARY,0.0,6.0
x516c570-65bbae6c-8,SEDENTARY,0,0,0.0,900,900,1706798700,0,1.0,SEDENTARY,0.0,3.0
x516c570-65bbb1f0-8,SEDENTARY,0,0,0.0,900,900,1706799600,0,1.0,SEDENTARY,0.0,4.0
x516c570-65bbb574-6,WALKING,0,6,4.3,900,15,1706800500,0,1.0,ACTIVE,1.0,1.0
x516c570-65bbb574-8,SEDENTARY,0,0,0.0,900,885,1706800500,0,1.0,SEDENTARY,0.0,4.0
x516c570-65bbb8f8-8,SEDENTARY,0,0,0.0,900,900,1706801400,0,1.0,SEDENTARY,0.0,3.0
x516c570-65bbbc7c-8,SEDENTARY,0,0,0.0,900,900,1706802300,0,1.0,SEDENTARY,0.0,4.0
x516c570-65bbc000-8,SEDENTARY,0,0,0.0,900,900,1706803200,0,1.0,SEDENTARY,0.0,4.0
x516c570-65bbc384-8,SEDENTARY,0,0,0.0,900,900,1706804100,0,1.0,SEDENTARY,0.0,4.0
x516c570-65bbc708-8,SEDENTARY,0,0,0.0,900,900,1706805000,0,1.0,SEDENTARY,0.0,4.0
x516c570-65bbca8c-6,WALKING,1,44,31.52,900,60,1706805900,0,1.7762803,ACTIVE,2.75,3.0
x516c570-65bbca8c-8,SEDENTARY,0,0,0.0,900,840,1706805900,0,1.0,SEDENTARY,0.0,5.0
x516c570-65bbce10-8,SEDENTARY,0,0,0.0,900,900,1706806800,0,1.0,SEDENTARY,0.0,3.0
x516c570-65bbd194-8,SEDENTARY,0,0,0.0,900,900,1706807700,0,1.0,SEDENTARY,0.0,3.0
x516c570-65bbd518-8,SEDENTARY,0,0,0.0,900,900,1706808600,0,1.0,SEDENTARY,0.0,3.0
x516c570-65bbd89c-8,SEDENTARY,0,0,0.0,900,900,1706809500,0,1.0,SEDENTARY,0.0,3.0
x516c570-65bbdc20-8,SEDENTARY,0,0,0.0,900,900,1706810400,0,1.0,SEDENTARY,0.0,3.0
x516c570-65bbdfa4-6,WALKING,0,47,33.67,900,45,1706811300,0,1.0,ACTIVE,2.0,2.0
x516c570-65bbdfa4-8,SEDENTARY,0,0,0.0,900,855,1706811300,0,1.0,SEDENTARY,0.0,5.0
x516c570-65bbe328-6,WALKING,1,46,32.96,900,45,1706812200,0,2.0350404,ACTIVE,1.6666666666666667,2.0
x516c570-65bbe328-8,SEDENTARY,0,0,0.0,900,855,1706812200,0,1.0,SEDENTARY,0.0,6.0
x516c570-65bbe6ac-6,WALKING,7,126,90.26,900,225,1706813100,0,2.4490566,ACTIVE,2.2,3.0
x516c570-65bbe6ac-0,GENERIC,3,0,0.0,900,0,1706813100,0,1.0,SEDENTARY,0.0,5.0
x516c570-65bbe6ac-8,SEDENTARY,0,0,0.0,900,675,1706813100,0,1.0,SEDENTARY,0.0,5.0
x516c570-65bbea30-6,WALKING,1,59,42.27,900,105,1706814000,0,1.4435887,ACTIVE,1.8571428571428572,2.0
x516c570-65bbea30-8,SEDENTARY,0,0,0.0,900,795,1706814000,0,1.0,SEDENTARY,0.0,5.0
x516c570-65bbedb4-1,RUNNING,5,186,199.88,900,120,1706814900,0,2.9407008,HIGHLY_ACTIVE,4.0,4.0
x516c570-65bbedb4-6,WALKING,23,509,364.65,900,495,1706814900,0,3.1641755,ACTIVE,2.878787878787879,3.0
x516c570-65bbedb4-8,SEDENTARY,0,0,0.0,900,285,1706814900,0,1.0,SEDENTARY,0.0,5.0
x516c570-65bbf138-1,RUNNING,4,209,224.59,900,180,1706815800,0,2.0350404,HIGHLY_ACTIVE,5.0,5.0
x516c570-65bbf138-6,WALKING,17,562,402.62,900,600,1706815800,0,2.3196766,ACTIVE,3.0,3.0
x516c570-65bbf138-0,GENERIC,1,0,0.0,900,0,1706815800,0,1.0,SEDENTARY,0.0,3.0
x516c570-65bbf138-8,SEDENTARY,0,0,0.0,900,120,1706815800,0,1.0,SEDENTARY,0.0,6.0
x516c570-65bbf4bc-1,RUNNING,1,71,76.29,900,60,1706816700,0,1.7762803,HIGHLY_ACTIVE,5.0,5.0
x516c570-65bbf4bc-6,WALKING,1,154,110.32,900,180,1706816700,0,1.2587601,ACTIVE,3.6666666666666665,4.0
x516c570-65bbf4bc-0,GENERIC,0,0,0.0,900,0,1706816700,0,1.0,SEDENTARY,0.0,3.0
x516c570-65bbf4bc-8,SEDENTARY,0,0,0.0,900,660,1706816700,0,1.0,SEDENTARY,0.0,4.0
x516c570-65bbf840-1,RUNNING,5,193,207.4,900,180,1706817600,0,2.2938006,HIGHLY_ACTIVE,4.0,5.0
x516c570-65bbf840-6,WALKING,15,429,307.34,900,600,1706817600,0,2.1644204,ACTIVE,2.7,4.0
x516c570-65bbf840-8,SEDENTARY,0,0,0.0,900,120,1706817600,0,1.0,SEDENTARY,0.0,5.0
x516c570-65bbfbc4-1,RUNNING,6,190,204.18,900,120,1706818500,0,3.3288412,HIGHLY_ACTIVE,4.0,4.0
x516c570-65bbfbc4-6,WALKING,21,651,466.37,900,576,1706818500,0,2.6981134,ACTIVE,2.6875,3.0
x516c570-65bbfbc4-0,GENERIC,1,0,0.0,900,0,1706818500,0,1.0,SEDENTARY,0.0,2.0
x516c570-65bbfbc4-8,SEDENTARY,0,0,0.0,900,204,1706818500,0,1.0,SEDENTARY,0.0,6.0
x516c570-65bbff48-6,WALKING,16,411,294.44,900,540,1706819400,0,2.380054,ACTIVE,2.6666666666666665,3.0
x516c570-65bbff48-0,GENERIC,6,0,0.0,900,0,1706819400,0,1.0,SEDENTARY,0.0,6.0
x516c570-65bbff48-8,SEDENTARY,0,0,0.0,900,360,1706819400,0,1.0,SEDENTARY,0.0,3.0
x516c570-65bc02cc-6,WALKING,4,111,79.53,900,300,1706820300,0,1.6210243,ACTIVE,2.6,4.0
x516c570-65bc02cc-8,SEDENTARY,0,0,0.0,900,600,1706820300,0,1.0,SEDENTARY,0.0,6.0
x516c570-65bc0650-6,WALKING,2,43,30.8,900,180,1706821200,0,1.5175202,ACTIVE,2.3333333333333335,3.0
x516c570-65bc0650-8,SEDENTARY,0,0,0.0,900,720,1706821200,0,1.0,SEDENTARY,0.0,6.0
x516c570-65bc09d4-8,SEDENTARY,0,0,0.0,900,900,1706822100,0,1.0,SEDENTARY,0.0,4.0
x516c570-65bc0d58-8,SEDENTARY,0,0,0.0,900,900,1706823000,0,1.0,SEDENTARY,0.0,3.0
x516c570-65bc10dc-8,SEDENTARY,0,0,0.0,900,900,1706823900,0,1.0,SEDENTARY,0.0,3.0
x516c570-65bc1460-8,SEDENTARY,0,0,0.0,900,900,1706824800,0,1.0,SEDENTARY,0.0,3.0
x516c570-65bc17e4-6,WALKING,7,91,65.19,900,360,1706825700,0,1.9056604,ACTIVE,3.0,4.0
x516c570-65bc17e4-0,GENERIC,3,0,0.0,900,0,1706825700,0,1.0,SEDENTARY,0.0,7.0
x516c570-65bc17e4-8,SEDENTARY,0,0,0.0,900,540,1706825700,0,1.0,SEDENTARY,0.0,6.0
x516c570-65bc1b68-6,WALKING,1,14,10.03,900,60,1706826600,0,1.7762803,ACTIVE,4.0,4.0
x516c570-65bc1b68-8,SEDENTARY,0,0,0.0,900,840,1706826600,0,1.0,SEDENTARY,0.0,4.0
x516c570-65bc1eec-8,SEDENTARY,0,0,0.0,900,900,1706827500,0,1.0,SEDENTARY,0.0,4.0
x516c570-65bc2270-8,SEDENTARY,0,0,0.0,900,900,1706828400,0,1.0,SEDENTARY,0.0,2.0
x516c570-65bc25f4-8,SEDENTARY,0,0,0.0,900,900,1706829300,0,1.0,SEDENTARY,0.0,2.0
x516c570-65bc2978-8,SEDENTARY,0,0,0.0,900,900,1706830200,0,1.0,SEDENTARY,0.0,3.0
x516c570-65bc2cfc-8,SEDENTARY,0,0,0.04,900,900,1706831100,0,1.0,SEDENTARY,0.0,4.0
x516c570-65bc3080-8,SEDENTARY,0,0,0.0,900,900,1706832000,0,1.0,SEDENTARY,0.0,0.0
x516c570-65bc3404-8,SEDENTARY,0,0,0.0,900,900,1706832900,0,1.0,SEDENTARY,0.0,2.0
x516c570-65bc3788-8,SEDENTARY,0,0,0.0,900,900,1706833800,0,1.0,SEDENTARY,0.0,1.0
x516c570-65bc3b0c-8,SEDENTARY,0,0,0.0,900,900,1706834700,0,1.0,SEDENTARY,0.0,4.0
x516c570-65bc3e90-8,SEDENTARY,0,0,0.0,900,900,1706835600,0,1.0,SEDENTARY,0.0,1.0
x516c570-65bc4214-8,SEDENTARY,0,0,0.0,900,900,1706836500,0,1.0,SEDENTARY,0.0,0.0
x516c570-65bc4598-8,SEDENTARY,0,0,0.0,900,900,1706837400,0,1.0,SEDENTARY,0.0,0.0
x516c570-65bc491c-8,SEDENTARY,0,0,0.0,900,900,1706838300,0,1.0,SEDENTARY,0.0,4.0
x516c570-65bc4ca0-8,SEDENTARY,0,0,0.0,900,900,1706839200,0,1.0,SEDENTARY,0.0,3.0
x516c570-65bc5024-8,SEDENTARY,0,0,0.0,900,900,1706840100,0,1.0,SEDENTARY,0.0,3.0
x516c570-65bc53a8-8,SEDENTARY,0,0,0.0,900,900,1706841000,0,1.0,SEDENTARY,0.0,1.0
x516c570-65bc572c-8,SEDENTARY,0,0,0.0,900,900,1706841900,0,1.0,SEDENTARY,0.0,3.0
x516c570-65bc5ab0-8,SEDENTARY,0,0,0.0,900,900,1706842800,0,1.0,SEDENTARY,0.0,3.0
x516c570-65bc5e34-8,SEDENTARY,0,0,0.0,900,900,1706843700,0,1.0,SEDENTARY,0.0,2.0
x516c570-65bc61b8-8,SEDENTARY,0,0,0.0,900,900,1706844600,0,1.0,SEDENTARY,0.0,0.0
x516c570-65bc653c-8,SEDENTARY,0,0,0.0,900,900,1706845500,0,1.0,SEDENTARY,0.0,3.0
x516c570-65bc68c0-8,SEDENTARY,0,0,0.0,900,900,1706846400,0,1.0,SEDENTARY,0.0,3.0
x516c570-65bc6c44-8,SEDENTARY,0,0,0.0,900,900,1706847300,0,1.0,SEDENTARY,0.0,3.0
x516c570-65bc6fc8-8,SEDENTARY,0,0,0.0,900,900,1706848200,0,1.0,SEDENTARY,0.0,2.0
x516c570-65bc734c-8,SEDENTARY,0,0,0.0,900,900,1706849100,0,1.0,SEDENTARY,0.0,2.0
x516c570-65bc76d0-8,SEDENTARY,0,0,0.0,900,900,1706850000,0,1.0,SEDENTARY,0.0,3.0
x516c570-65bc7a54-8,SEDENTARY,0,0,0.0,900,900,1706850900,0,1.0,SEDENTARY,0.0,3.0
x516c570-65bc7dd8-8,SEDENTARY,0,0,0.0,900,900,1706851800,0,1.0,SEDENTARY,0.0,2.0
x516c570-65bc815c-8,SEDENTARY,0,0,0.0,900,900,1706852700,0,1.0,SEDENTARY,0.0,3.0
x516c570-65bc84e0-8,SEDENTARY,0,0,0.0,900,900,1706853600,0,1.0,SEDENTARY,0.0,0.0
x516c570-65bc8864-8,SEDENTARY,0,0,0.0,900,900,1706854500,0,1.0,SEDENTARY,0.0,2.0
x516c570-65bc8be8-8,SEDENTARY,0,0,0.0,900,900,1706855400,0,1.0,SEDENTARY,0.0,3.0
x516c570-65bc8f6c-8,SEDENTARY,0,0,0.0,900,900,1706856300,0,1.0,SEDENTARY,0.0,3.0
x516c570-65bc92f0-8,SEDENTARY,0,0,0.0,900,900,1706857200,0,1.0,SEDENTARY,0.0,3.0
x516c570-65bc9674-8,SEDENTARY,0,0,0.0,900,900,1706858100,0,1.0,SEDENTARY,0.0,2.0
x516c570-65bc99f8-8,SEDENTARY,0,0,0.0,900,900,1706859000,0,1.0,SEDENTARY,0.0,4.0
x516c570-65bc9d7c-8,SEDENTARY,0,0,0.0,900,900,1706859900,0,1.0,SEDENTARY,0.0,2.0
x516c570-65bca100-8,SEDENTARY,0,0,0.0,900,900,1706860800,0,1.0,SEDENTARY,0.0,3.0
x516c570-65bca484-6,WALKING,4,28,20.06,900,120,1706861700,0,2.5525606,ACTIVE,3.0,3.0
x516c570-65bca484-0,GENERIC,1,0,0.0,900,0,1706861700,0,1.0,SEDENTARY,0.0,6.0
x516c570-65bca484-8,SEDENTARY,0,0,0.0,900,780,1706861700,0,1.0,SEDENTARY,0.0,4.0
x516c570-65bca808-6,WALKING,6,66,47.28,900,240,1706862600,0,2.1644206,ACTIVE,3.5,5.0
x516c570-65bca808-8,SEDENTARY,0,0,0.0,900,660,1706862600,0,1.0,SEDENTARY,0.0,5.0
x516c570-65bcab8c-6,WALKING,3,41,29.37,900,120,1706863500,0,2.1644206,ACTIVE,1.5,2.0
x516c570-65bcab8c-0,GENERIC,2,0,0.0,900,0,1706863500,0,1.0,SEDENTARY,0.0,5.0
x516c570-65bcab8c-8,SEDENTARY,0,0,0.0,900,780,1706863500,0,1.0,SEDENTARY,0.0,5.0
x516c570-65bcaf10-6,WALKING,6,41,29.38,900,180,1706864400,0,2.5525606,ACTIVE,3.0,3.0
x516c570-65bcaf10-8,SEDENTARY,0,0,0.0,900,720,1706864400,0,1.0,SEDENTARY,0.0,6.0
x516c570-65bcb294-8,SEDENTARY,0,0,0.0,900,900,1706865300,0,1.0,SEDENTARY,0.0,3.0
x516c570-65bcb618-8,SEDENTARY,0,0,0.0,900,900,1706866200,0,1.0,SEDENTARY,0.0,3.0
x516c570-65bcb99c-8,SEDENTARY,0,0,0.0,900,900,1706867100,0,1.0,SEDENTARY,0.0,3.0
x516c570-65bcbd20-8,SEDENTARY,0,0,0.0,900,900,1706868000,0,1.0,SEDENTARY,0.0,3.0
x516c570-65bcc0a4-8,SEDENTARY,0,0,0.0,900,900,1706868900,0,1.0,SEDENTARY,0.0,3.0
x516c570-65bcc428-6,WALKING,0,7,5.01,900,15,1706869800,0,1.0,ACTIVE,0.0,0.0
x516c570-65bcc428-8,SEDENTARY,0,0,0.0,900,885,1706869800,0,1.0,SEDENTARY,0.0,4.0
x516c570-65bcc7ac-6,WALKING,0,8,5.73,900,15,1706870700,0,1.0,ACTIVE,3.0,3.0
x516c570-65bcc7ac-8,SEDENTARY,0,0,0.0,900,885,1706870700,0,1.0,SEDENTARY,0.0,4.0
x516c570-65bccb30-8,SEDENTARY,0,0,0.0,900,900,1706871600,0,1.0,SEDENTARY,0.0,4.0
x516c570-65bcceb4-8,SEDENTARY,0,0,0.0,900,900,1706872500,0,1.0,SEDENTARY,0.0,4.0
x516c570-65bcd238-8,SEDENTARY,0,0,0.0,900,900,1706873400,0,1.0,SEDENTARY,0.0,4.0
x516c570-65bcd5bc-8,SEDENTARY,0,0,0.0,900,900,1706874300,0,1.0,SEDENTARY,0.0,4.0
x516c570-65bcd940-8,SEDENTARY,0,0,0.0,900,900,1706875200,0,1.0,SEDENTARY,0.0,4.0
x516c570-65bcdcc4-6,WALKING,1,40,28.66,900,60,1706876100,0,1.7762803,ACTIVE,2.5,3.0
x516c570-65bcdcc4-8,SEDENTARY,0,0,0.0,900,840,1706876100,0,1.0,SEDENTARY,0.0,4.0
x516c570-65bce048-6,WALKING,0,23,16.48,900,30,1706877000,0,1.0,ACTIVE,2.0,2.0
x516c570-65bce048-8,SEDENTARY,0,0,0.0,900,870,1706877000,0,1.0,SEDENTARY,0.0,4.0
x516c570-65bce3cc-8,SEDENTARY,0,0,0.0,900,900,1706877900,0,1.0,SEDENTARY,0.0,4.0
x516c570-65bce750-8,SEDENTARY,0,0,0.0,900,900,1706878800,0,1.0,SEDENTARY,0.0,4.0
x516c570-65bcead4-8,SEDENTARY,0,0,0.0,900,900,1706879700,0,1.0,SEDENTARY,0.0,4.0
x516c570-65bcee58-8,SEDENTARY,0,0,0.0,900,900,1706880600,0,1.0,SEDENTARY,0.0,4.0
x516c570-65bcf1dc-6,WALKING,1,13,9.31,900,15,1706881500,0,4.1051216,ACTIVE,2.0,2.0
x516c570-65bcf1dc-8,SEDENTARY,0,0,0.0,900,885,1706881500,0,1.0,SEDENTARY,0.0,4.0
x516c570-65bcf560-8,SEDENTARY,0,0,0.0,900,900,1706882400,0,1.0,SEDENTARY,0.0,4.0
x516c570-65bcf8e4-8,SEDENTARY,0,0,0.0,900,900,1706883300,0,1.0,SEDENTARY,0.0,3.0
x516c570-65bcfc68-6,WALKING,2,72,51.58,900,120,1706884200,0,1.7762803,ACTIVE,2.0,3.0
x516c570-65bcfc68-0,GENERIC,2,0,0.0,900,0,1706884200,0,1.0,SEDENTARY,0.0,4.0
x516c570-65bcfc68-8,SEDENTARY,0,0,0.0,900,780,1706884200,0,1.0,SEDENTARY,0.0,5.0
x516c570-65bcffec-8,SEDENTARY,0,0,0.0,900,900,1706885100,0,1.0,SEDENTARY,0.0,3.0
x516c570-65bd0370-8,SEDENTARY,0,0,0.0,900,900,1706886000,0,1.0,SEDENTARY,0.0,4.0
x516c570-65bd06f4-8,SEDENTARY,0,0,0.0,900,900,1706886900,0,1.0,SEDENTARY,0.0,3.0
x516c570-65bd0a78-8,SEDENTARY,0,0,0.0,900,900,1706887800,0,1.0,SEDENTARY,0.0,3.0
x516c570-65bd0dfc-8,SEDENTARY,0,0,0.0,900,900,1706888700,0,1.0,SEDENTARY,0.0,3.0
x516c570-65bd1180-8,SEDENTARY,0,0,0.0,900,900,1706889600,0,1.0,SEDENTARY,0.0,3.0
x516c570-65bd1504-8,SEDENTARY,0,0,0.0,900,900,1706890500,0,1.0,SEDENTARY,0.0,3.0
x516c570-65bd1888-8,SEDENTARY,0,0,0.0,900,900,1706891400,0,1.0,SEDENTARY,0.0,3.0
x516c570-65bd1c0c-8,SEDENTARY,0,0,0.0,900,900,1706892300,0,1.0,SEDENTARY,0.0,3.0
x516c570-65bd1f90-8,SEDENTARY,0,0,0.0,900,900,1706893200,0,1.0,SEDENTARY,0.0,3.0
x516c570-65bd2314-8,SEDENTARY,0,0,0.0,900,900,1706894100,0,1.0,SEDENTARY,0.0,3.0
x516c570-65bd2698-8,SEDENTARY,0,0,0.0,900,900,1706895000,0,1.0,SEDENTARY,0.0,3.0
x516c570-65bd2a1c-6,WALKING,1,23,16.48,900,30,1706895900,0,2.5525606,ACTIVE,4.0,4.0
x516c570-65bd2a1c-8,SEDENTARY,0,0,0.0,900,870,1706895900,0,1.0,SEDENTARY,0.0,3.0
x516c570-65bd2da0-6,WALKING,17,158,113.19,900,480,1706896800,0,2.6495957,ACTIVE,1.09375,2.0
x516c570-65bd2da0-0,GENERIC,5,0,0.0,900,0,1706896800,0,1.0,SEDENTARY,0.0,6.0
x516c570-65bd2da0-8,SEDENTARY,0,0,0.0,900,420,1706896800,0,1.0,SEDENTARY,0.0,6.0
x516c570-65bd3124-6,WALKING,4,146,104.59,900,240,1706897700,0,1.7762803,ACTIVE,1.25,2.0
x516c570-65bd3124-8,SEDENTARY,0,0,0.0,900,660,1706897700,0,1.0,SEDENTARY,0.0,5.0
x516c570-65bd34a8-0,GENERIC,0,0,0.0,900,0,1706898600,0,1.0,SEDENTARY,0.0,3.0
x516c570-65bd34a8-8,SEDENTARY,0,0,0.0,900,900,1706898600,0,1.0,SEDENTARY,0.0,5.0
x516c570-65bd382c-6,WALKING,0,11,7.88,900,15,1706899500,0,1.0,ACTIVE,2.0,2.0
x516c570-65bd382c-8,SEDENTARY,0,0,0.0,900,885,1706899500,0,1.0,SEDENTARY,0.0,5.0
x516c570-65bd3bb0-6,WALKING,5,127,90.99,900,160,1706900400,0,2.4555256,ACTIVE,1.96875,3.0
x516c570-65bd3bb0-0,GENERIC,5,0,0.0,900,0,1706900400,0,1.0,SEDENTARY,0.0,7.0
x516c570-65bd3bb0-8,SEDENTARY,0,0,0.0,900,740,1706900400,0,1.0,SEDENTARY,0.0,5.0
x516c570-65bd3f34-6,WALKING,3,84,60.17,900,90,1706901300,0,2.5525606,ACTIVE,2.5,5.0
x516c570-65bd3f34-0,GENERIC,1,0,0.0,900,0,1706901300,0,1.0,SEDENTARY,0.0,4.0
x516c570-65bd3f34-8,SEDENTARY,0,0,0.0,900,810,1706901300,0,1.0,SEDENTARY,0.0,6.0
x516c570-65bd42b8-6,WALKING,0,13,9.32,900,15,1706902200,0,1.0,ACTIVE,2.0,2.0
x516c570-65bd42b8-8,SEDENTARY,0,0,0.0,900,885,1706902200,0,1.0,SEDENTARY,0.0,4.0
x516c570-65bd463c-1,RUNNING,1,13,13.97,900,60,1706903100,0,1.7762803,HIGHLY_ACTIVE,1.0,1.0
x516c570-65bd463c-6,WALKING,4,30,21.49,900,75,1706903100,0,3.4840968,ACTIVE,1.2,2.0
x516c570-65bd463c-0,GENERIC,3,0,0.0,900,0,1706903100,0,1.0,SEDENTARY,0.0,6.0
x516c570-65bd463c-8,SEDENTARY,0,0,0.0,900,765,1706903100,0,1.0,SEDENTARY,0.0,5.0
x516c570-65bd49c0-0,GENERIC,4,0,0.0,900,0,1706904000,0,1.0,SEDENTARY,0.0,5.0
x516c570-65bd49c0-8,SEDENTARY,0,0,0.0,900,900,1706904000,0,1.0,SEDENTARY,0.0,5.0
x516c570-65bd4d44-6,WALKING,2,61,43.7,900,90,1706904900,0,2.0350404,ACTIVE,2.0,2.0
x516c570-65bd4d44-0,GENERIC,2,0,0.0,900,0,1706904900,0,1.0,SEDENTARY,0.0,5.0
x516c570-65bd4d44-8,SEDENTARY,0,0,0.0,900,810,1706904900,0,1.0,SEDENTARY,0.0,5.0
x516c570-65bd50c8-1,RUNNING,3,59,63.4,900,60,1706905800,0,3.3288412,HIGHLY_ACTIVE,4.0,4.0
x516c570-65bd50c8-6,WALKING,1,43,30.8,900,45,1706905800,0,2.0350404,ACTIVE,3.3333333333333335,4.0
x516c570-65bd50c8-0,GENERIC,2,0,0.0,900,0,1706905800,0,1.0,SEDENTARY,0.0,4.0
x516c570-65bd50c8-8,SEDENTARY,0,0,0.0,900,795,1706905800,0,1.0,SEDENTARY,0.0,5.0
x516c570-65bd544c-6,WALKING,0,34,24.36,900,30,1706906700,0,1.0,ACTIVE,3.0,3.0
x516c570-65bd544c-8,SEDENTARY,0,0,0.0,900,870,1706906700,0,1.0,SEDENTARY,0.0,5.0
x516c570-65bd57d0-6,WALKING,1,17,12.18,900,60,1706907600,0,1.7762803,ACTIVE,3.0,3.0
x516c570-65bd57d0-8,SEDENTARY,0,0,0.0,900,840,1706907600,0,1.0,SEDENTARY,0.0,4.0
x516c570-65bd5b54-8,SEDENTARY,0,0,0.0,900,900,1706908500,0,1.0,SEDENTARY,0.0,3.0
x516c570-65bd5ed8-8,SEDENTARY,0,0,0.0,900,900,1706909400,0,1.0,SEDENTARY,0.0,3.0
x516c570-65bd625c-6,WALKING,1,9,6.45,900,120,1706910300,0,1.3881402,ACTIVE,3.0,3.0
x516c570-65bd625c-8,SEDENTARY,0,0,0.0,900,780,1706910300,0,1.0,SEDENTARY,0.0,4.0
x516c570-65bd65e0-6,WALKING,7,123,88.12,900,300,1706911200,0,2.0867925,ACTIVE,2.0,3.0
x516c570-65bd65e0-0,GENERIC,2,0,0.0,900,0,1706911200,0,1.0,SEDENTARY,0.0,6.0
x516c570-65bd65e0-8,SEDENTARY,0,0,0.0,900,600,1706911200,0,1.0,SEDENTARY,0.0,6.0
x516c570-65bd6964-8,SEDENTARY,0,0,0.0,900,900,1706912100,0,1.0,SEDENTARY,0.0,3.0
x516c570-65bd6ce8-8,SEDENTARY,0,0,0.0,900,900,1706913000,0,1.0,SEDENTARY,0.0,4.0
x516c570-65bd706c-8,SEDENTARY,0,0,0.0,900,900,1706913900,0,1.0,SEDENTARY,0.0,4.0
x516c570-65bd73f0-8,SEDENTARY,0,0,0.0,900,900,1706914800,0,1.0,SEDENTARY,0.0,4.0
x516c570-65bd7774-8,SEDENTARY,0,0,0.0,900,900,1706915700,0,1.0,SEDENTARY,0.0,3.0
x516c570-65bd7af8-8,SEDENTARY,0,0,0.0,900,900,1706916600,0,1.0,SEDENTARY,0.0,3.0
x516c570-65bd7e7c-6,WALKING,0,17,12.17,900,60,1706917500,0,1.0,ACTIVE,2.0,2.0
x516c570-65bd7e7c-8,SEDENTARY,0,0,0.0,900,840,1706917500,0,1.0,SEDENTARY,0.0,4.0
x516c570-65bd8200-8,SEDENTARY,0,0,0.0,900,900,1706918400,0,1.0,SEDENTARY,0.0,2.0
x516c570-65bd8584-8,SEDENTARY,0,0,0.0,900,900,1706919300,0,1.0,SEDENTARY,0.0,0.0
x516c570-65bd8908-8,SEDENTARY,0,0,0.0,900,900,1706920200,0,1.0,SEDENTARY,0.0,5.0
x516c570-65bd8c8c-8,SEDENTARY,0,0,0.0,900,900,1706921100,0,1.0,SEDENTARY,0.0,2.0
x516c570-65bd9010-8,SEDENTARY,0,0,0.0,900,900,1706922000,0,1.0,SEDENTARY,0.0,3.0
x516c570-65bd9394-8,SEDENTARY,0,0,0.0,900,900,1706922900,0,1.0,SEDENTARY,0.0,5.0
x516c570-65bd9718-8,SEDENTARY,0,0,0.0,900,900,1706923800,0,1.0,SEDENTARY,0.0,1.0
x516c570-65bd9a9c-6,WALKING,0,19,13.61,900,120,1706924700,0,1.0,ACTIVE,3.0,3.0
x516c570-65bd9a9c-8,SEDENTARY,0,0,0.0,900,780,1706924700,0,1.0,SEDENTARY,0.0,3.0
x516c570-65bd9e20-8,SEDENTARY,0,0,0.0,900,900,1706925600,0,1.0,SEDENTARY,0.0,2.0
x516c570-65bda1a4-8,SEDENTARY,0,0,0.0,900,900,1706926500,0,1.0,SEDENTARY,0.0,2.0
x516c570-65bda528-8,SEDENTARY,0,0,0.0,900,900,1706927400,0,1.0,SEDENTARY,0.0,4.0
x516c570-65bda8ac-8,SEDENTARY,0,0,0.0,900,900,1706928300,0,1.0,SEDENTARY,0.0,0.0
x516c570-65bdac30-8,SEDENTARY,0,0,0.0,900,900,1706929200,0,1.0,SEDENTARY,0.0,2.0
x516c570-65bdafb4-6,WALKING,0,15,10.75,900,60,1706930100,0,1.0,ACTIVE,3.0,3.0
x516c570-65bdafb4-8,SEDENTARY,0,0,0.0,900,840,1706930100,0,1.0,SEDENTARY,0.0,4.0
x516c570-65bdb338-8,SEDENTARY,0,0,0.0,900,900,1706931000,0,1.0,SEDENTARY,0.0,5.0
x516c570-65bdb6bc-8,SEDENTARY,0,0,0.0,900,900,1706931900,0,1.0,SEDENTARY,0.0,3.0
x516c570-65bdba40-8,SEDENTARY,0,0,0.0,900,900,1706932800,0,1.0,SEDENTARY,0.0,3.0
x516c570-65bdbdc4-8,SEDENTARY,0,0,0.0,900,900,1706933700,0,1.0,SEDENTARY,0.0,2.0
x516c570-65bdc148-8,SEDENTARY,0,0,0.0,900,900,1706934600,0,1.0,SEDENTARY,0.0,2.0
x516c570-65bdc4cc-8,SEDENTARY,0,0,0.0,900,900,1706935500,0,1.0,SEDENTARY,0.0,2.0
x516c570-65bdc850-8,SEDENTARY,0,0,0.0,900,900,1706936400,0,1.0,SEDENTARY,0.0,3.0
x516c570-65bdcbd4-8,SEDENTARY,0,0,0.0,900,900,1706937300,0,1.0,SEDENTARY,0.0,2.0
x516c570-65bdcf58-8,SEDENTARY,0,0,0.0,900,900,1706938200,0,1.0,SEDENTARY,0.0,3.0
x516c570-65bdd2dc-8,SEDENTARY,0,0,0.0,900,900,1706939100,0,1.0,SEDENTARY,0.0,0.0
x516c570-65bdd660-8,SEDENTARY,0,0,0.0,900,900,1706940000,0,1.0,SEDENTARY,0.0,2.0
x516c570-65bdd9e4-8,SEDENTARY,0,0,0.0,900,900,1706940900,0,1.0,SEDENTARY,0.0,4.0
x516c570-65bddd68-8,SEDENTARY,0,0,0.0,900,900,1706941800,0,1.0,SEDENTARY,0.0,4.0
x516c570-65bde0ec-8,SEDENTARY,0,0,0.0,900,900,1706942700,0,1.0,SEDENTARY,0.0,3.0
x516c570-65bde470-8,SEDENTARY,0,0,0.0,900,900,1706943600,0,1.0,SEDENTARY,0.0,4.0
x516c570-65bde7f4-8,SEDENTARY,0,0,0.0,900,900,1706944500,0,1.0,SEDENTARY,0.0,0.0
x516c570-65bdeb78-8,SEDENTARY,0,0,0.0,900,900,1706945400,0,1.0,SEDENTARY,0.0,4.0
x516c570-65bdeefc-8,SEDENTARY,0,0,0.0,900,900,1706946300,0,1.0,SEDENTARY,0.0,2.0
x516c570-65bdf280-8,SEDENTARY,0,0,0.0,900,900,1706947200,0,1.0,SEDENTARY,0.0,2.0
x516c570-65bdf604-8,SEDENTARY,0,0,0.0,900,900,1706948100,0,1.0,SEDENTARY,0.0,0.0
x516c570-65bdf988-8,SEDENTARY,0,0,0.0,900,900,1706949000,0,1.0,SEDENTARY,0.0,4.0
x516c570-65bdfd0c-8,SEDENTARY,0,0,0.0,900,900,1706949900,0,1.0,SEDENTARY,0.0,4.0
x516c570-65be0090-8,SEDENTARY,0,0,0.0,900,900,1706950800,0,1.0,SEDENTARY,0.0,4.0
x516c570-65be0414-6,WALKING,0,13,9.31,900,60,1706951700,0,1.0,ACTIVE,3.0,3.0
x516c570-65be0414-8,SEDENTARY,0,0,0.0,900,840,1706951700,0,1.0,SEDENTARY,0.0,4.0
x516c570-65be0798-8,SEDENTARY,0,0,0.0,900,900,1706952600,0,1.0,SEDENTARY,0.0,4.0
x516c570-65be0b1c-6,WALKING,4,29,20.78,900,180,1706953500,0,2.0350404,ACTIVE,3.0,3.0
x516c570-65be0b1c-8,SEDENTARY,0,0,0.0,900,720,1706953500,0,1.0,SEDENTARY,0.0,5.0
x516c570-65be0ea0-6,WALKING,5,64,45.85,900,180,1706954400,0,2.2938006,ACTIVE,1.5,4.0
x516c570-65be0ea0-8,SEDENTARY,0,0,0.0,900,720,1706954400,0,1.0,SEDENTARY,0.0,4.0
x516c570-65be1224-6,WALKING,5,94,67.34,900,165,1706955300,0,2.4114187,ACTIVE,2.1818181818181817,3.0
x516c570-65be1224-0,GENERIC,9,0,0.0,900,0,1706955300,0,1.0,SEDENTARY,0.0,6.0
x516c570-65be1224-8,SEDENTARY,0,0,0.0,900,735,1706955300,0,1.0,SEDENTARY,0.0,6.0
x516c570-65be15a8-6,WALKING,16,178,127.52,900,315,1706956200,0,3.3658068,ACTIVE,1.0476190476190477,2.0
x516c570-65be15a8-0,GENERIC,2,0,0.0,900,0,1706956200,0,1.0,SEDENTARY,0.0,6.0
x516c570-65be15a8-8,SEDENTARY,0,0,0.0,900,585,1706956200,0,1.0,SEDENTARY,0.0,5.0
x516c570-65be192c-6,WALKING,7,267,191.28,900,240,1706957100,0,2.3584907,ACTIVE,3.0,3.0
x516c570-65be192c-8,SEDENTARY,0,0,0.0,900,660,1706957100,0,1.0,SEDENTARY,0.0,5.0
x516c570-65be1cb0-8,SEDENTARY,0,0,0.0,900,900,1706958000,0,1.0,SEDENTARY,0.0,4.0
x516c570-65be2034-8,SEDENTARY,0,0,0.0,900,900,1706958900,0,1.0,SEDENTARY,0.0,4.0
x516c570-65be23b8-6,WALKING,10,237,169.78,900,180,1706959800,0,3.5876012,ACTIVE,3.0,3.0
x516c570-65be23b8-0,GENERIC,1,0,0.0,900,0,1706959800,0,1.0,SEDENTARY,0.0,6.0
x516c570-65be23b8-8,SEDENTARY,0,0,0.0,900,720,1706959800,0,1.0,SEDENTARY,0.0,5.0
x516c570-65be273c-6,WALKING,11,171,122.51,900,300,1706960700,0,2.7078166,ACTIVE,2.0,3.0
x516c570-65be273c-8,SEDENTARY,0,0,0.0,900,600,1706960700,0,1.0,SEDENTARY,0.0,6.0
x516c570-65be2ac0-6,WALKING,18,250,179.1,900,540,1706961600,0,2.5525606,ACTIVE,1.8888888888888888,4.0
x516c570-65be2ac0-0,GENERIC,4,0,0.0,900,0,1706961600,0,1.0,SEDENTARY,0.0,5.0
x516c570-65be2ac0-8,SEDENTARY,0,0,0.0,900,360,1706961600,0,1.0,SEDENTARY,0.0,6.0
x516c570-65be2e44-6,WALKING,5,152,108.89,900,120,1706962500,0,2.9407008,ACTIVE,3.0,3.0
x516c570-65be2e44-0,GENERIC,3,0,0.0,900,0,1706962500,0,1.0,SEDENTARY,0.0,6.0
x516c570-65be2e44-8,SEDENTARY,0,0,0.0,900,780,1706962500,0,1.0,SEDENTARY,0.0,5.0
x516c570-65be31c8-6,WALKING,22,674,482.85,900,720,1706963400,0,2.4231806,ACTIVE,2.1666666666666665,3.0
x516c570-65be31c8-0,GENERIC,4,0,0.0,900,0,1706963400,0,1.0,SEDENTARY,0.0,4.0
x516c570-65be354c-6,WALKING,17,455,325.97,900,540,1706964300,0,2.4663072,ACTIVE,2.4444444444444446,3.0
x516c570-65be354c-0,GENERIC,5,0,0.0,900,0,1706964300,0,1.0,SEDENTARY,0.0,5.0
x516c570-65be354c-8,SEDENTARY,0,0,0.0,900,360,1706964300,0,1.0,SEDENTARY,0.0,5.0
x516c570-65be38d0-6,WALKING,13,383,274.38,900,360,1706965200,0,2.6819406,ACTIVE,1.8333333333333333,2.0
x516c570-65be38d0-0,GENERIC,6,0,0.0,900,0,1706965200,0,1.0,SEDENTARY,0.0,4.0
x516c570-65be38d0-8,SEDENTARY,0,0,0.0,900,540,1706965200,0,1.0,SEDENTARY,0.0,4.0
x516c570-65be3c54-6,WALKING,27,805,576.7,900,780,1706966100,0,2.6122744,ACTIVE,1.8461538461538463,2.0
x516c570-65be3c54-0,GENERIC,1,0,0.0,900,0,1706966100,0,1.0,SEDENTARY,0.0,4.0
x516c570-65be3c54-8,SEDENTARY,0,0,0.0,900,120,1706966100,0,1.0,SEDENTARY,0.0,5.0
x516c570-65be3fd8-6,WALKING,16,520,372.53,900,660,1706967000,0,2.129135,ACTIVE,1.5454545454545454,2.0
x516c570-65be3fd8-0,GENERIC,3,0,0.0,900,0,1706967000,0,1.0,SEDENTARY,0.0,5.0
x516c570-65be3fd8-8,SEDENTARY,0,0,0.0,900,240,1706967000,0,1.0,SEDENTARY,0.0,5.0
x516c570-65be435c-6,WALKING,23,880,630.43,900,780,1706967900,0,2.373419,ACTIVE,2.4615384615384617,3.0
x516c570-65be435c-0,GENERIC,2,0,0.0,900,0,1706967900,0,1.0,SEDENTARY,0.0,5.0
x516c570-65be46e0-6,WALKING,11,246,176.23,900,360,1706968800,0,2.4231806,ACTIVE,2.1666666666666665,3.0
x516c570-65be46e0-0,GENERIC,3,0,0.0,900,0,1706968800,0,1.0,SEDENTARY,0.0,6.0
x516c570-65be46e0-8,SEDENTARY,0,0,0.0,900,540,1706968800,0,1.0,SEDENTARY,0.0,5.0
x516c570-65be4a64-6,WALKING,13,134,96.0,900,360,1706969700,0,2.6819406,ACTIVE,2.5,3.0
x516c570-65be4a64-0,GENERIC,9,0,0.0,900,0,1706969700,0,1.0,SEDENTARY,0.0,7.0
x516c570-65be4a64-8,SEDENTARY,0,0,0.0,900,540,1706969700,0,1.0,SEDENTARY,0.0,4.0
x516c570-65be4de8-8,SEDENTARY,0,0,0.0,900,900,1706970600,0,1.0,SEDENTARY,0.0,4.0
x516c570-65be516c-8,SEDENTARY,0,0,0.0,900,900,1706971500,0,1.0,SEDENTARY,0.0,4.0
x516c570-65be54f0-6,WALKING,8,84,60.18,900,180,1706972400,0,3.0700808,ACTIVE,1.25,3.0
x516c570-65be54f0-0,GENERIC,4,0,0.0,900,0,1706972400,0,1.0,SEDENTARY,0.0,5.0
x516c570-65be54f0-8,SEDENTARY,0,0,0.0,900,720,1706972400,0,1.0,SEDENTARY,0.0,5.0
x516c570-65be5874-6,WALKING,13,175,125.37,900,315,1706973300,0,2.922218,ACTIVE,1.2857142857142858,2.0
x516c570-65be5874-0,GENERIC,12,0,0.0,900,0,1706973300,0,1.0,SEDENTARY,0.0,5.0
x516c570-65be5874-8,SEDENTARY,0,0,0.0,900,585,1706973300,0,1.0,SEDENTARY,0.0,5.0
x516c570-65be5bf8-6,WALKING,0,20,14.33,900,30,1706974200,0,1.0,ACTIVE,2.0,2.0
x516c570-65be5bf8-0,GENERIC,1,0,0.0,900,0,1706974200,0,1.0,SEDENTARY,0.0,6.0
x516c570-65be5bf8-8,SEDENTARY,0,0,0.0,900,870,1706974200,0,1.0,SEDENTARY,0.0,6.0
x516c570-65be5f7c-6,WALKING,9,346,247.87,900,330,1706975100,0,2.2702768,ACTIVE,1.5,4.0
x516c570-65be5f7c-0,GENERIC,1,0,0.0,900,0,1706975100,0,1.0,SEDENTARY,0.0,4.0
x516c570-65be5f7c-8,SEDENTARY,0,0,0.0,900,570,1706975100,0,1.0,SEDENTARY,0.0,6.0
x516c570-65be6300-6,WALKING,23,896,641.9,900,840,1706976000,0,2.2753177,ACTIVE,2.0,2.0
x516c570-65be6300-8,SEDENTARY,0,0,0.0,900,60,1706976000,0,1.0,SEDENTARY,0.0,5.0
x516c570-65be6684-6,WALKING,24,936,670.55,900,840,1706976900,0,2.3307664,ACTIVE,2.0,2.0
x516c570-65be6684-8,SEDENTARY,0,0,0.0,900,60,1706976900,0,1.0,SEDENTARY,0.0,5.0
x516c570-65be6a08-1,RUNNING,3,85,91.34,900,60,1706977800,0,3.3288412,HIGHLY_ACTIVE,5.0,5.0
x516c570-65be6a08-6,WALKING,7,110,78.8,900,240,1706977800,0,2.3584907,ACTIVE,3.0,3.0
x516c570-65be6a08-0,GENERIC,10,0,0.0,900,0,1706977800,0,1.0,SEDENTARY,0.0,6.0
x516c570-65be6a08-8,SEDENTARY,0,0,0.0,900,600,1706977800,0,1.0,SEDENTARY,0.0,5.0
x516c570-65be6d8c-6,WALKING,9,81,58.03,900,300,1706978700,0,2.3973045,ACTIVE,0.8,1.0
x516c570-65be6d8c-0,GENERIC,10,0,0.0,900,0,1706978700,0,1.0,SEDENTARY,0.0,6.0
x516c570-65be6d8c-8,SEDENTARY,0,0,0.0,900,600,1706978700,0,1.0,SEDENTARY,0.0,5.0
x516c570-65be7110-6,WALKING,4,57,40.83,900,120,1706979600,0,2.5525606,ACTIVE,2.0,2.0
x516c570-65be7110-0,GENERIC,8,0,0.0,900,0,1706979600,0,1.0,SEDENTARY,0.0,6.0
x516c570-65be7110-8,SEDENTARY,0,0,0.0,900,780,1706979600,0,1.0,SEDENTARY,0.0,6.0
x516c570-65be7494-8,SEDENTARY,0,0,0.0,900,900,1706980500,0,1.0,SEDENTARY,0.0,0.0
x516c570-65be7818-8,SEDENTARY,0,0,0.0,900,900,1706981400,0,1.0,SEDENTARY,0.0,4.0
x516c570-65be7b9c-8,SEDENTARY,0,0,0.0,900,900,1706982300,0,1.0,SEDENTARY,0.0,0.0
x516c570-65be7f20-8,SEDENTARY,0,0,0.0,900,900,1706983200,0,1.0,SEDENTARY,0.0,0.0
x516c570-65be82a4-8,SEDENTARY,0,0,0.0,900,900,1706984100,0,1.0,SEDENTARY,0.0,0.0
x516c570-65be8628-8,SEDENTARY,0,0,0.0,900,900,1706985000,0,1.0,SEDENTARY,0.0,1.0
x516c570-65be89ac-8,SEDENTARY,0,0,0.0,900,900,1706985900,0,1.0,SEDENTARY,0.0,0.0
x516c570-65be8d30-8,SEDENTARY,0,0,0.0,900,900,1706986800,0,1.0,SEDENTARY,0.0,0.0
x516c570-65be90b4-8,SEDENTARY,0,0,0.0,900,900,1706987700,0,1.0,SEDENTARY,0.0,0.0
x516c570-65be9438-8,SEDENTARY,0,0,0.0,900,900,1706988600,0,1.0,SEDENTARY,0.0,0.0
x516c570-65be97bc-8,SEDENTARY,0,0,0.0,900,900,1706989500,0,1.0,SEDENTARY,0.0,0.0
x516c570-65be9b40-8,SEDENTARY,0,0,0.0,900,900,1706990400,0,1.0,SEDENTARY,0.0,0.0
x516c570-65be9ec4-8,SEDENTARY,0,0,0.0,900,900,1706991300,0,1.0,SEDENTARY,0.0,0.0
x516c570-65bea248-8,SEDENTARY,0,0,0.0,900,900,1706992200,0,1.0,SEDENTARY,0.0,0.0
x516c570-65bea5cc-8,SEDENTARY,0,0,0.0,900,900,1706993100,0,1.0,SEDENTARY,0.0,0.0
x516c570-65bea950-8,SEDENTARY,0,0,0.0,900,900,1706994000,0,1.0,SEDENTARY,0.0,0.0
x516c570-65beacd4-8,SEDENTARY,0,0,0.0,900,900,1706994900,0,1.0,SEDENTARY,0.0,0.0
x516c570-65beb058-8,SEDENTARY,0,0,0.0,900,900,1706995800,0,1.0,SEDENTARY,0.0,0.0
x516c570-65beb3dc-8,SEDENTARY,0,0,0.0,900,900,1706996700,0,1.0,SEDENTARY,0.0,0.0
x516c570-65beb760-8,SEDENTARY,0,0,0.0,900,900,1706997600,0,1.0,SEDENTARY,0.0,0.0
x516c570-65bebae4-8,SEDENTARY,0,0,0.0,900,900,1706998500,0,1.0,SEDENTARY,0.0,0.0
x516c570-65bebe68-8,SEDENTARY,0,0,0.0,900,900,1706999400,0,1.0,SEDENTARY,0.0,0.0
x516c570-65bec1ec-8,SEDENTARY,0,0,0.0,900,900,1707000300,0,1.0,SEDENTARY,0.0,0.0
x516c570-65bec570-8,SEDENTARY,0,0,0.01,900,900,1707001200,0,1.0,SEDENTARY,0.0,0.0
x516c570-65bec8f4-8,SEDENTARY,0,0,0.01,900,900,1707002100,0,1.0,SEDENTARY,0.0,0.0
x516c570-65becc78-8,SEDENTARY,0,0,0.01,900,900,1707003000,0,1.0,SEDENTARY,0.0,0.0
x516c570-65becffc-8,SEDENTARY,0,0,0.01,900,900,1707003900,0,1.0,SEDENTARY,0.0,0.0
x516c570-65bed380-8,SEDENTARY,0,0,0.0,900,900,1707004800,0,1.0,SEDENTARY,0.0,0.0
x516c570-65bed704-8,SEDENTARY,0,0,0.0,900,900,1707005700,0,1.0,SEDENTARY,0.0,0.0
x516c570-65beda88-8,SEDENTARY,0,0,0.0,900,900,1707006600,0,1.0,SEDENTARY,0.0,0.0
x516c570-65bede0c-8,SEDENTARY,0,0,0.0,900,900,1707007500,0,1.0,SEDENTARY,0.0,0.0
x516c570-65bee190-8,SEDENTARY,0,0,0.0,900,900,1707008400,0,1.0,SEDENTARY,0.0,0.0
x516c570-65bee514-8,SEDENTARY,0,0,0.0,900,900,1707009300,0,1.0,SEDENTARY,0.0,0.0
x516c570-65bee898-8,SEDENTARY,0,0,0.0,900,900,1707010200,0,1.0,SEDENTARY,0.0,0.0
x516c570-65beec1c-8,SEDENTARY,0,0,0.0,900,900,1707011100,0,1.0,SEDENTARY,0.0,0.0
x516c570-65beefa0-8,SEDENTARY,0,0,0.0,900,900,1707012000,0,1.0,SEDENTARY,0.0,0.0
x516c570-65bef324-8,SEDENTARY,0,0,0.0,900,900,1707012900,0,1.0,SEDENTARY,0.0,0.0
x516c570-65bef6a8-8,SEDENTARY,0,0,0.0,900,900,1707013800,0,1.0,SEDENTARY,0.0,0.0
x516c570-65befa2c-8,SEDENTARY,0,0,0.0,900,900,1707014700,0,1.0,SEDENTARY,0.0,0.0
x516c570-65befdb0-8,SEDENTARY,0,0,0.0,900,900,1707015600,0,1.0,SEDENTARY,0.0,0.0
x516c570-65bf0134-8,SEDENTARY,0,0,0.0,900,900,1707016500,0,1.0,SEDENTARY,0.0,0.0
x516c570-65bf04b8-8,SEDENTARY,0,0,0.0,900,900,1707017400,0,1.0,SEDENTARY,0.0,0.0
x516c570-65bf083c-8,SEDENTARY,0,0,0.0,900,900,1707018300,0,1.0,SEDENTARY,0.0,0.0
x516c570-65bf0bc0-8,SEDENTARY,0,0,0.0,900,900,1707019200,0,1.0,SEDENTARY,0.0,0.0
x516c570-65bf0f44-8,SEDENTARY,0,0,0.0,900,900,1707020100,0,1.0,SEDENTARY,0.0,0.0
x516c570-65bf12c8-8,SEDENTARY,0,0,0.0,900,900,1707021000,0,1.0,SEDENTARY,0.0,0.0
x516c570-65bf164c-8,SEDENTARY,0,0,0.0,900,900,1707021900,0,1.0,SEDENTARY,0.0,0.0
x516c570-65bf19d0-8,SEDENTARY,0,0,0.0,900,900,1707022800,0,1.0,SEDENTARY,0.0,0.0
x516c570-65bf1d54-8,SEDENTARY,0,0,0.0,900,900,1707023700,0,1.0,SEDENTARY,0.0,0.0
x516c570-65bf20d8-8,SEDENTARY,0,0,0.0,900,900,1707024600,0,1.0,SEDENTARY,0.0,0.0
x516c570-65bf245c-8,SEDENTARY,0,0,0.0,900,900,1707025500,0,1.0,SEDENTARY,0.0,0.0
x516c570-65bf27e0-8,SEDENTARY,0,0,0.0,900,900,1707026400,0,1.0,SEDENTARY,0.0,0.0
x516c570-65bf2b64-8,SEDENTARY,0,0,0.0,900,900,1707027300,0,1.0,SEDENTARY,0.0,0.0
x516c570-65bf2ee8-8,SEDENTARY,0,0,0.0,900,900,1707028200,0,1.0,SEDENTARY,0.0,0.0
x516c570-65bf326c-8,SEDENTARY,0,0,0.0,900,900,1707029100,0,1.0,SEDENTARY,0.0,0.0
x516c570-65bf35f0-8,SEDENTARY,0,0,0.0,900,900,1707030000,0,1.0,SEDENTARY,0.0,0.0
x516c570-65bf3974-8,SEDENTARY,0,0,0.0,900,900,1707030900,0,1.0,SEDENTARY,0.0,0.0
x516c570-65bf3cf8-8,SEDENTARY,0,0,0.0,900,900,1707031800,0,1.0,SEDENTARY,0.0,0.0
x516c570-65bf407c-8,SEDENTARY,0,0,0.0,900,900,1707032700,0,1.0,SEDENTARY,0.0,0.0
x516c570-65bf4400-8,SEDENTARY,0,0,0.0,900,900,1707033600,0,1.0,SEDENTARY,0.0,0.0
x516c570-65bf4784-8,SEDENTARY,0,0,0.0,900,900,1707034500,0,1.0,SEDENTARY,0.0,0.0
x516c570-65bf4b08-8,SEDENTARY,0,0,0.0,900,900,1707035400,0,1.0,SEDENTARY,0.0,0.0
x516c570-65bf4e8c-8,SEDENTARY,0,0,0.0,900,900,1707036300,0,1.0,SEDENTARY,0.0,0.0
x516c570-65bf5210-8,SEDENTARY,0,0,0.0,900,900,1707037200,0,1.0,SEDENTARY,0.0,0.0
x516c570-65bf5594-8,SEDENTARY,0,0,0.0,900,900,1707038100,0,1.0,SEDENTARY,0.0,0.0
x516c570-65bf5918-8,SEDENTARY,0,0,0.0,900,900,1707039000,0,1.0,SEDENTARY,0.0,0.0
x516c570-65bf5c9c-8,SEDENTARY,0,0,0.0,900,900,1707039900,0,1.0,SEDENTARY,0.0,0.0
x516c570-65bf6020-8,SEDENTARY,0,0,0.0,900,900,1707040800,0,1.0,SEDENTARY,0.0,0.0
x516c570-65bf63a4-8,SEDENTARY,0,0,0.0,900,900,1707041700,0,1.0,SEDENTARY,0.0,0.0
x516c570-65bf6728-8,SEDENTARY,0,0,0.0,900,900,1707042600,0,1.0,SEDENTARY,0.0,0.0
x516c570-65bf6aac-8,SEDENTARY,0,0,0.0,900,900,1707043500,0,1.0,SEDENTARY,0.0,0.0
x516c570-65bf6e30-8,SEDENTARY,0,0,0.0,900,900,1707044400,0,1.0,SEDENTARY,0.0,0.0
x516c570-65bf71b4-8,SEDENTARY,0,0,0.0,900,900,1707045300,0,1.0,SEDENTARY,0.0,0.0
x516c570-65bf7538-8,SEDENTARY,0,0,0.0,900,900,1707046200,0,1.0,SEDENTARY,0.0,0.0
x516c570-65bf78bc-8,SEDENTARY,0,0,0.0,900,900,1707047100,0,1.0,SEDENTARY,0.0,0.0
x516c570-65bf7c40-8,SEDENTARY,0,0,0.0,900,900,1707048000,0,1.0,SEDENTARY,0.0,0.0
x516c570-65bf7fc4-8,SEDENTARY,0,0,0.0,900,900,1707048900,0,1.0,SEDENTARY,0.0,0.0
x516c570-65bf8348-8,SEDENTARY,0,0,0.0,900,900,1707049800,0,1.0,SEDENTARY,0.0,0.0
x516c570-65bf86cc-8,SEDENTARY,0,0,0.0,900,900,1707050700,0,1.0,SEDENTARY,0.0,0.0
x516c570-65bf8a50-6,WALKING,2,7,5.01,900,60,1707051600,0,2.5525606,ACTIVE,0.0,0.0
x516c570-65bf8a50-0,GENERIC,4,0,0.0,900,0,1707051600,0,1.0,SEDENTARY,0.0,4.0
x516c570-65bf8a50-8,SEDENTARY,0,0,0.0,900,840,1707051600,0,1.0,SEDENTARY,0.0,5.0
x516c570-65bf8dd4-6,WALKING,7,97,69.5,900,210,1707052500,0,2.5525608,ACTIVE,1.0,1.0
x516c570-65bf8dd4-0,GENERIC,8,0,0.0,900,0,1707052500,0,1.0,SEDENTARY,0.0,5.0
x516c570-65bf8dd4-8,SEDENTARY,0,0,0.0,900,690,1707052500,0,1.0,SEDENTARY,0.0,5.0
x516c570-65bf9158-6,WALKING,5,62,44.41,900,105,1707053400,0,3.217944,ACTIVE,2.0,3.0
x516c570-65bf9158-0,GENERIC,11,0,0.0,900,0,1707053400,0,1.0,SEDENTARY,0.0,5.0
x516c570-65bf9158-8,SEDENTARY,0,0,0.0,900,795,1707053400,0,1.0,SEDENTARY,0.0,5.0
x516c570-65bf94dc-6,WALKING,10,73,52.3,900,300,1707054300,0,2.5525606,ACTIVE,0.7,4.0
x516c570-65bf94dc-0,GENERIC,3,0,0.0,900,0,1707054300,0,1.0,SEDENTARY,0.0,5.0
x516c570-65bf94dc-8,SEDENTARY,0,0,0.0,900,600,1707054300,0,1.0,SEDENTARY,0.0,5.0
x516c570-65bf9860-6,WALKING,31,1262,904.1,900,780,1707055200,0,2.85113,ACTIVE,2.0,2.0
x516c570-65bf9860-0,GENERIC,0,0,0.0,900,0,1707055200,0,1.0,SEDENTARY,0.0,4.0
x516c570-65bf9860-8,SEDENTARY,0,0,0.0,900,120,1707055200,0,1.0,SEDENTARY,0.0,4.0
x516c570-65bf9be4-6,WALKING,12,126,90.26,900,300,1707056100,0,2.8630726,ACTIVE,1.8,3.0
x516c570-65bf9be4-0,GENERIC,5,0,0.0,900,0,1707056100,0,1.0,SEDENTARY,0.0,6.0
x516c570-65bf9be4-8,SEDENTARY,0,0,0.0,900,600,1707056100,0,1.0,SEDENTARY,0.0,4.0
x516c570-65bf9f68-6,WALKING,9,126,90.27,900,300,1707057000,0,2.3973045,ACTIVE,2.4,3.0
x516c570-65bf9f68-0,GENERIC,4,0,0.0,900,0,1707057000,0,1.0,SEDENTARY,0.0,6.0
x516c570-65bf9f68-8,SEDENTARY,0,0,0.0,900,600,1707057000,0,1.0,SEDENTARY,0.0,5.0
x516c570-65bfa2ec-6,WALKING,6,76,54.45,900,240,1707057900,0,2.1644206,ACTIVE,1.75,2.0
x516c570-65bfa2ec-0,GENERIC,2,0,0.0,900,0,1707057900,0,1.0,SEDENTARY,0.0,5.0
x516c570-65bfa2ec-8,SEDENTARY,0,0,0.0,900,660,1707057900,0,1.0,SEDENTARY,0.0,5.0
x516c570-65bfa670-6,WALKING,11,89,63.76,900,360,1707058800,0,2.4231806,ACTIVE,1.6666666666666667,2.0
x516c570-65bfa670-0,GENERIC,7,0,0.0,900,0,1707058800,0,1.0,SEDENTARY,0.0,6.0
x516c570-65bfa670-8,SEDENTARY,0,0,0.0,900,540,1707058800,0,1.0,SEDENTARY,0.0,6.0
x516c570-65bfa9f4-6,WALKING,5,117,83.81,900,225,1707059700,0,2.0350404,ACTIVE,1.2,2.0
x516c570-65bfa9f4-0,GENERIC,5,0,0.0,900,0,1707059700,0,1.0,SEDENTARY,0.0,6.0
x516c570-65bfa9f4-8,SEDENTARY,0,0,0.0,900,675,1707059700,0,1.0,SEDENTARY,0.0,4.0
x516c570-65bfad78-6,WALKING,7,154,110.33,900,345,1707060600,0,1.9450369,ACTIVE,1.4782608695652173,4.0
x516c570-65bfad78-8,SEDENTARY,0,0,0.0,900,555,1707060600,0,1.0,SEDENTARY,0.0,5.0
x516c570-65bfb0fc-6,WALKING,6,91,65.19,900,225,1707061500,0,2.2420485,ACTIVE,0.8,3.0
x516c570-65bfb0fc-0,GENERIC,7,0,0.0,900,0,1707061500,0,1.0,SEDENTARY,0.0,6.0
x516c570-65bfb0fc-8,SEDENTARY,0,0,0.0,900,675,1707061500,0,1.0,SEDENTARY,0.0,6.0
x516c570-65bfb480-6,WALKING,5,65,46.57,900,150,1707062400,0,2.5525606,ACTIVE,1.0,1.0
x516c570-65bfb480-8,SEDENTARY,0,0,0.0,900,750,1707062400,0,1.0,SEDENTARY,0.0,6.0
x516c570-65bfb804-6,WALKING,10,146,104.59,900,345,1707063300,0,2.3500528,ACTIVE,1.0,1.0
x516c570-65bfb804-0,GENERIC,2,0,0.0,900,0,1707063300,0,1.0,SEDENTARY,0.0,5.0
x516c570-65bfb804-8,SEDENTARY,0,0,0.0,900,555,1707063300,0,1.0,SEDENTARY,0.0,3.0
x516c570-65bfbb88-6,WALKING,0,13,9.32,900,15,1707064200,0,1.0,ACTIVE,4.0,4.0
x516c570-65bfbb88-8,SEDENTARY,0,0,0.0,900,885,1707064200,0,1.0,SEDENTARY,0.0,4.0
x516c570-65bfbf0c-6,WALKING,21,376,269.36,900,715,1707065100,0,2.3679905,ACTIVE,1.0,1.0
x516c570-65bfbf0c-0,GENERIC,2,0,0.0,900,0,1707065100,0,1.0,SEDENTARY,0.0,5.0
x516c570-65bfc290-6,WALKING,15,309,221.37,900,630,1707066000,0,2.1089718,ACTIVE,1.2142857142857142,2.0
x516c570-65bfc290-0,GENERIC,3,0,0.0,900,0,1707066000,0,1.0,SEDENTARY,0.0,6.0
x516c570-65bfc290-8,SEDENTARY,0,0,0.0,900,270,1707066000,0,1.0,SEDENTARY,0.0,5.0
x516c570-65bfc614-6,WALKING,2,38,27.22,900,90,1707066900,0,2.0350404,ACTIVE,1.6666666666666667,3.0
x516c570-65bfc614-0,GENERIC,3,0,0.0,900,0,1707066900,0,1.0,SEDENTARY,0.0,4.0
x516c570-65bfc614-8,SEDENTARY,0,0,0.0,900,810,1707066900,0,1.0,SEDENTARY,0.0,5.0
x516c570-65bfc998-6,WALKING,1,62,44.42,900,90,1707067800,0,1.5175202,ACTIVE,1.5,3.0
x516c570-65bfc998-8,SEDENTARY,0,0,0.0,900,810,1707067800,0,1.0,SEDENTARY,0.0,5.0
x516c570-65bfcd1c-6,WALKING,1,50,35.82,900,75,1707068700,0,1.6210243,ACTIVE,2.0,2.0
x516c570-65bfcd1c-8,SEDENTARY,0,0,0.0,900,825,1707068700,0,1.0,SEDENTARY,0.0,4.0
x516c570-65bfd0a0-6,WALKING,3,141,101.01,900,165,1707069600,0,1.8468512,ACTIVE,2.4545454545454546,3.0
x516c570-65bfd0a0-8,SEDENTARY,0,0,0.0,900,735,1707069600,0,1.0,SEDENTARY,0.0,5.0
x516c570-65bfd424-6,WALKING,1,45,32.24,900,75,1707070500,0,1.6210243,ACTIVE,2.6,3.0
x516c570-65bfd424-8,SEDENTARY,0,0,0.0,900,825,1707070500,0,1.0,SEDENTARY,0.0,5.0
x516c570-65bfd7a8-6,WALKING,5,158,113.19,900,185,1707071400,0,2.2588332,ACTIVE,1.9189189189189189,3.0
x516c570-65bfd7a8-0,GENERIC,2,0,0.0,900,0,1707071400,0,1.0,SEDENTARY,0.0,5.0
x516c570-65bfd7a8-8,SEDENTARY,0,0,0.0,900,715,1707071400,0,1.0,SEDENTARY,0.0,4.0
x516c570-65bfdb2c-6,WALKING,0,32,22.93,900,30,1707072300,0,1.0,ACTIVE,3.0,3.0
x516c570-65bfdb2c-0,GENERIC,1,0,0.0,900,0,1707072300,0,1.0,SEDENTARY,0.0,2.0
x516c570-65bfdb2c-8,SEDENTARY,0,0,0.0,900,870,1707072300,0,1.0,SEDENTARY,0.0,5.0
x516c570-65bfdeb0-6,WALKING,5,78,55.88,900,180,1707073200,0,2.2938006,ACTIVE,0.8333333333333334,3.0
x516c570-65bfdeb0-0,GENERIC,3,0,0.0,900,0,1707073200,0,1.0,SEDENTARY,0.0,5.0
x516c570-65bfdeb0-8,SEDENTARY,0,0,0.0,900,720,1707073200,0,1.0,SEDENTARY,0.0,5.0
x516c570-65bfe234-6,WALKING,0,11,7.88,900,15,1707074100,0,1.0,ACTIVE,4.0,4.0
x516c570-65bfe234-0,GENERIC,1,0,0.0,900,0,1707074100,0,1.0,SEDENTARY,0.0,4.0
x516c570-65bfe234-8,SEDENTARY,0,0,0.0,900,885,1707074100,0,1.0,SEDENTARY,0.0,5.0
x516c570-65bfe5b8-6,WALKING,16,218,156.17,900,405,1707075000,0,2.840072,ACTIVE,1.0740740740740742,2.0
x516c570-65bfe5b8-0,GENERIC,3,0,0.0,900,0,1707075000,0,1.0,SEDENTARY,0.0,7.0
x516c570-65bfe5b8-8,SEDENTARY,0,0,0.0,900,495,1707075000,0,1.0,SEDENTARY,0.0,6.0
x516c570-65bfe93c-6,WALKING,13,218,156.18,900,465,1707075900,0,2.3021476,ACTIVE,1.2580645161290323,2.0
x516c570-65bfe93c-0,GENERIC,2,0,0.0,900,0,1707075900,0,1.0,SEDENTARY,0.0,6.0
x516c570-65bfe93c-8,SEDENTARY,0,0,0.0,900,435,1707075900,0,1.0,SEDENTARY,0.0,6.0
x516c570-65bfecc0-6,WALKING,2,59,42.26,900,135,1707076800,0,1.690027,ACTIVE,1.0,1.0
x516c570-65bfecc0-8,SEDENTARY,0,0,0.0,900,765,1707076800,0,1.0,SEDENTARY,0.0,5.0
x516c570-65bff044-8,SEDENTARY,0,0,0.0,900,900,1707077700,0,1.0,SEDENTARY,0.0,4.0
x516c570-65bff3c8-8,SEDENTARY,0,0,0.0,900,900,1707078600,0,1.0,SEDENTARY,0.0,4.0
x516c570-65bff74c-8,SEDENTARY,0,0,0.0,900,900,1707079500,0,1.0,SEDENTARY,0.0,3.0
x516c570-65bffad0-8,SEDENTARY,0,0,0.0,900,900,1707080400,0,1.0,SEDENTARY,0.0,3.0
x516c570-65bffe54-8,SEDENTARY,0,0,0.0,900,900,1707081300,0,1.0,SEDENTARY,0.0,3.0
x516c570-65c001d8-8,SEDENTARY,0,0,0.0,900,900,1707082200,0,1.0,SEDENTARY,0.0,2.0
x516c570-65c0055c-8,SEDENTARY,0,0,0.0,900,900,1707083100,0,1.0,SEDENTARY,0.0,4.0
x516c570-65c008e0-8,SEDENTARY,0,0,0.0,900,900,1707084000,0,1.0,SEDENTARY,0.0,4.0
x516c570-65c00c64-6,WALKING,13,280,200.6,900,480,1707084900,0,2.2614555,ACTIVE,2.5,4.0
x516c570-65c00c64-8,SEDENTARY,0,0,0.0,900,420,1707084900,0,1.0,SEDENTARY,0.0,5.0
x516c570-65c00fe8-6,WALKING,3,27,19.34,900,180,1707085800,0,1.7762803,ACTIVE,0.3333333333333333,1.0
x516c570-65c00fe8-0,GENERIC,2,0,0.0,900,0,1707085800,0,1.0,SEDENTARY,0.0,6.0
x516c570-65c00fe8-8,SEDENTARY,0,0,0.0,900,720,1707085800,0,1.0,SEDENTARY,0.0,5.0
x516c570-65c0136c-6,WALKING,1,8,5.73,900,60,1707086700,0,1.7762803,ACTIVE,2.0,2.0
x516c570-65c0136c-8,SEDENTARY,0,0,0.0,900,840,1707086700,0,1.0,SEDENTARY,0.0,5.0
x516c570-65c016f0-6,WALKING,3,35,25.07,900,180,1707087600,0,1.7762803,ACTIVE,2.6666666666666665,4.0
x516c570-65c016f0-0,GENERIC,3,0,0.0,900,0,1707087600,0,1.0,SEDENTARY,0.0,6.0
x516c570-65c016f0-8,SEDENTARY,0,0,0.0,900,720,1707087600,0,1.0,SEDENTARY,0.0,6.0
x516c570-65c01a74-6,WALKING,4,48,34.39,900,120,1707088500,0,2.5525606,ACTIVE,3.0,3.0
x516c570-65c01a74-0,GENERIC,3,0,0.0,900,0,1707088500,0,1.0,SEDENTARY,0.0,6.0
x516c570-65c01a74-8,SEDENTARY,0,0,0.0,900,780,1707088500,0,1.0,SEDENTARY,0.0,5.0
x516c570-65c01df8-6,WALKING,2,33,23.64,900,120,1707089400,0,1.7762803,ACTIVE,0.5,1.0
x516c570-65c01df8-8,SEDENTARY,0,0,0.0,900,780,1707089400,0,1.0,SEDENTARY,0.0,5.0
x516c570-65c0217c-6,WALKING,1,6,4.3,900,60,1707090300,0,1.7762803,ACTIVE,1.0,1.0
x516c570-65c0217c-8,SEDENTARY,0,0,0.0,900,840,1707090300,0,1.0,SEDENTARY,0.0,4.0
x516c570-65c02500-6,WALKING,0,24,17.19,900,63,1707091200,0,1.0,ACTIVE,2.9523809523809526,3.0
x516c570-65c02500-8,SEDENTARY,0,0,0.0,900,837,1707091200,0,1.0,SEDENTARY,0.0,5.0
x516c570-65c02884-6,WALKING,9,71,50.87,900,240,1707092100,0,2.7466307,ACTIVE,2.75,3.0
x516c570-65c02884-0,GENERIC,2,0,0.0,900,0,1707092100,0,1.0,SEDENTARY,0.0,5.0
x516c570-65c02884-8,SEDENTARY,0,0,0.0,900,660,1707092100,0,1.0,SEDENTARY,0.0,5.0
x516c570-65c02c08-8,SEDENTARY,0,0,0.0,900,900,1707093000,0,1.0,SEDENTARY,0.0,4.0
x516c570-65c02f8c-6,WALKING,5,40,28.65,900,120,1707093900,0,2.9407008,ACTIVE,3.5,4.0
x516c570-65c02f8c-0,GENERIC,2,0,0.0,900,0,1707093900,0,1.0,SEDENTARY,0.0,5.0
x516c570-65c02f8c-8,SEDENTARY,0,0,0.0,900,780,1707093900,0,1.0,SEDENTARY,0.0,4.0
x516c570-65c03310-6,WALKING,3,22,15.76,900,120,1707094800,0,2.1644206,ACTIVE,2.0,2.0
x516c570-65c03310-0,GENERIC,16,0,0.0,900,0,1707094800,0,1.0,SEDENTARY,0.0,5.0
x516c570-65c03310-8,SEDENTARY,0,0,0.0,900,780,1707094800,0,1.0,SEDENTARY,0.0,5.0
x516c570-65c03694-6,WALKING,7,100,71.64,900,240,1707095700,0,2.3584907,ACTIVE,2.75,3.0
x516c570-65c03694-0,GENERIC,3,0,0.0,900,0,1707095700,0,1.0,SEDENTARY,0.0,6.0
x516c570-65c03694-8,SEDENTARY,0,0,0.0,900,660,1707095700,0,1.0,SEDENTARY,0.0,6.0
x516c570-65c03a18-8,SEDENTARY,0,0,0.0,900,900,1707096600,0,1.0,SEDENTARY,0.0,4.0
x516c570-65c03d9c-6,WALKING,0,17,12.18,900,60,1707097500,0,1.0,ACTIVE,2.0,2.0
x516c570-65c03d9c-8,SEDENTARY,0,0,0.0,900,840,1707097500,0,1.0,SEDENTARY,0.0,5.0
x516c570-65c04120-8,SEDENTARY,0,0,0.0,900,900,1707098400,0,1.0,SEDENTARY,0.0,0.0
x516c570-65c044a4-8,SEDENTARY,0,0,0.0,900,900,1707099300,0,1.0,SEDENTARY,0.0,0.0
x516c570-65c04828-8,SEDENTARY,0,0,0.0,900,900,1707100200,0,1.0,SEDENTARY,0.0,3.0
x516c570-65c04bac-8,SEDENTARY,0,0,0.0,900,900,1707101100,0,1.0,SEDENTARY,0.0,2.0
x516c570-65c04f30-8,SEDENTARY,0,0,0.0,900,900,1707102000,0,1.0,SEDENTARY,0.0,3.0
x516c570-65c052b4-8,SEDENTARY,0,0,0.0,900,900,1707102900,0,1.0,SEDENTARY,0.0,0.0
x516c570-65c05638-8,SEDENTARY,0,0,0.0,900,900,1707103800,0,1.0,SEDENTARY,0.0,3.0
x516c570-65c059bc-8,SEDENTARY,0,0,0.0,900,900,1707104700,0,1.0,SEDENTARY,0.0,0.0
x516c570-65c05d40-8,SEDENTARY,0,0,0.0,900,900,1707105600,0,1.0,SEDENTARY,0.0,3.0
x516c570-65c060c4-8,SEDENTARY,0,0,0.0,900,900,1707106500,0,1.0,SEDENTARY,0.0,3.0
x516c570-65c06448-8,SEDENTARY,0,0,0.0,900,900,1707107400,0,1.0,SEDENTARY,0.0,3.0
x516c570-65c067cc-8,SEDENTARY,0,0,0.0,900,900,1707108300,0,1.0,SEDENTARY,0.0,0.0
x516c570-65c06b50-8,SEDENTARY,0,0,0.0,900,900,1707109200,0,1.0,SEDENTARY,0.0,3.0
x516c570-65c06ed4-8,SEDENTARY,0,0,0.0,900,900,1707110100,0,1.0,SEDENTARY,0.0,2.0
x516c570-65c07258-8,SEDENTARY,0,0,0.0,900,900,1707111000,0,1.0,SEDENTARY,0.0,0.0
x516c570-65c075dc-8,SEDENTARY,0,0,0.0,900,900,1707111900,0,1.0,SEDENTARY,0.0,2.0
x516c570-65c07960-8,SEDENTARY,0,0,0.0,900,900,1707112800,0,1.0,SEDENTARY,0.0,4.0
x516c570-65c07ce4-8,SEDENTARY,0,0,0.0,900,900,1707113700,0,1.0,SEDENTARY,0.0,0.0
x516c570-65c08068-8,SEDENTARY,0,0,0.0,900,900,1707114600,0,1.0,SEDENTARY,0.0,3.0
x516c570-65c083ec-8,SEDENTARY,0,0,0.0,900,900,1707115500,0,1.0,SEDENTARY,0.0,0.0
x516c570-65c08770-8,SEDENTARY,0,0,0.0,900,900,1707116400,0,1.0,SEDENTARY,0.0,4.0
x516c570-65c08af4-6,WALKING,3,24,17.2,900,60,1707117300,0,3.3288412,ACTIVE,4.0,4.0
x516c570-65c08af4-0,GENERIC,3,0,0.0,900,0,1707117300,0,1.0,SEDENTARY,0.0,6.0
x516c570-65c08af4-8,SEDENTARY,0,0,0.0,900,840,1707117300,0,1.0,SEDENTARY,0.0,4.0
x516c570-65c08e78-6,WALKING,6,60,42.98,900,180,1707118200,0,2.5525606,ACTIVE,2.0,4.0
x516c570-65c08e78-0,GENERIC,15,0,0.0,900,0,1707118200,0,1.0,SEDENTARY,0.0,5.0
x516c570-65c08e78-8,SEDENTARY,0,0,0.0,900,720,1707118200,0,1.0,SEDENTARY,0.0,5.0
x516c570-65c091fc-6,WALKING,4,44,31.52,900,180,1707119100,0,2.0350404,ACTIVE,1.0,1.0
x516c570-65c091fc-8,SEDENTARY,0,0,0.0,900,720,1707119100,0,1.0,SEDENTARY,0.0,5.0
x516c570-65c09580-6,WALKING,10,157,112.48,900,300,1707120000,0,2.5525606,ACTIVE,3.0,4.0
x516c570-65c09580-0,GENERIC,4,0,0.0,900,0,1707120000,0,1.0,SEDENTARY,0.0,6.0
x516c570-65c09580-8,SEDENTARY,0,0,0.0,900,600,1707120000,0,1.0,SEDENTARY,0.0,6.0
x516c570-65c09904-6,WALKING,12,223,159.75,900,360,1707120900,0,2.5525606,ACTIVE,3.1666666666666665,4.0
x516c570-65c09904-0,GENERIC,4,0,0.0,900,0,1707120900,0,1.0,SEDENTARY,0.0,6.0
x516c570-65c09904-8,SEDENTARY,0,0,0.0,900,540,1707120900,0,1.0,SEDENTARY,0.0,5.0
x516c570-65c09c88-6,WALKING,3,56,40.12,900,120,1707121800,0,2.1644206,ACTIVE,3.0,3.0
x516c570-65c09c88-0,GENERIC,1,0,0.0,900,0,1707121800,0,1.0,SEDENTARY,0.0,5.0
x516c570-65c09c88-8,SEDENTARY,0,0,0.0,900,780,1707121800,0,1.0,SEDENTARY,0.0,6.0
x516c570-65c0a00c-6,WALKING,11,330,236.42,900,420,1707122700,0,2.2198691,ACTIVE,2.7142857142857144,3.0
x516c570-65c0a00c-0,GENERIC,2,0,0.0,900,0,1707122700,0,1.0,SEDENTARY,0.0,5.0
x516c570-65c0a00c-8,SEDENTARY,0,0,0.0,900,480,1707122700,0,1.0,SEDENTARY,0.0,5.0
x516c570-65c0a390-6,WALKING,4,97,69.49,900,120,1707123600,0,2.5525606,ACTIVE,3.0,3.0
x516c570-65c0a390-0,GENERIC,1,0,0.0,900,0,1707123600,0,1.0,SEDENTARY,0.0,5.0
x516c570-65c0a390-8,SEDENTARY,0,0,0.0,900,780,1707123600,0,1.0,SEDENTARY,0.0,6.0
x516c570-65c0a714-6,WALKING,0,17,12.17,900,60,1707124500,0,1.0,ACTIVE,3.0,3.0
x516c570-65c0a714-8,SEDENTARY,0,0,0.0,900,840,1707124500,0,1.0,SEDENTARY,0.0,4.0
x516c570-65c0aa98-8,SEDENTARY,0,0,0.0,900,900,1707125400,0,1.0,SEDENTARY,0.0,3.0
x516c570-65c0ae1c-8,SEDENTARY,0,0,0.0,900,900,1707126300,0,1.0,SEDENTARY,0.0,3.0
x516c570-65c0b1a0-6,WALKING,1,117,83.82,900,120,1707127200,0,1.3881402,ACTIVE,3.0,3.0
x516c570-65c0b1a0-0,GENERIC,1,0,0.0,900,0,1707127200,0,1.0,SEDENTARY,0.0,3.0
x516c570-65c0b1a0-8,SEDENTARY,0,0,0.0,900,780,1707127200,0,1.0,SEDENTARY,0.0,6.0
x516c570-65c0b524-6,WALKING,1,37,26.51,900,60,1707128100,0,1.7762803,ACTIVE,2.0,2.0
x516c570-65c0b524-8,SEDENTARY,0,0,0.0,900,840,1707128100,0,1.0,SEDENTARY,0.0,5.0
x516c570-65c0b8a8-6,WALKING,1,11,7.88,900,15,1707129000,0,4.1051216,ACTIVE,2.0,2.0
x516c570-65c0b8a8-8,SEDENTARY,0,0,0.0,900,885,1707129000,0,1.0,SEDENTARY,0.0,4.0
x516c570-65c0bc2c-8,SEDENTARY,0,0,0.0,900,900,1707129900,0,1.0,SEDENTARY,0.0,4.0
x516c570-65c0bfb0-6,WALKING,0,50,35.82,900,45,1707130800,0,1.0,ACTIVE,3.0,3.0
x516c570-65c0bfb0-8,SEDENTARY,0,0,0.0,900,855,1707130800,0,1.0,SEDENTARY,0.0,4.0
x516c570-65c0c334-6,WALKING,0,9,6.45,900,15,1707131700,0,1.0,ACTIVE,2.0,2.0
x516c570-65c0c334-8,SEDENTARY,0,0,0.0,900,885,1707131700,0,1.0,SEDENTARY,0.0,4.0
x516c570-65c0c6b8-8,SEDENTARY,0,0,0.0,900,900,1707132600,0,1.0,SEDENTARY,0.0,3.0
x516c570-65c0ca3c-6,WALKING,2,108,77.37,900,60,1707133500,0,2.5525606,ACTIVE,3.0,3.0
x516c570-65c0ca3c-8,SEDENTARY,0,0,0.0,900,840,1707133500,0,1.0,SEDENTARY,0.0,3.0
x516c570-65c0cdc0-6,WALKING,16,523,374.68,900,460,1707134400,0,2.6200633,ACTIVE,2.0,2.0
x516c570-65c0cdc0-8,SEDENTARY,0,0,0.0,900,440,1707134400,0,1.0,SEDENTARY,0.0,4.0
x516c570-65c0d144-6,WALKING,11,342,245.01,900,300,1707135300,0,2.7078166,ACTIVE,2.0,2.0
x516c570-65c0d144-8,SEDENTARY,0,0,0.0,900,600,1707135300,0,1.0,SEDENTARY,0.0,4.0
x516c570-65c0d4c8-6,WALKING,44,1755,1257.28,900,900,1707136200,0,3.2770889,HIGHLY_ACTIVE,3.0,3.0
x516c570-65c0d84c-6,WALKING,39,1317,943.5,900,795,1707137100,0,3.2849004,ACTIVE,2.830188679245283,3.0
x516c570-65c0d84c-0,GENERIC,1,0,0.0,900,0,1707137100,0,1.0,SEDENTARY,0.0,5.0
x516c570-65c0dbd0-6,WALKING,7,112,80.23,900,120,1707138000,0,3.7169814,ACTIVE,2.0,2.0
x516c570-65c0dbd0-0,GENERIC,9,0,0.0,900,0,1707138000,0,1.0,SEDENTARY,0.0,4.0
x516c570-65c0dbd0-8,SEDENTARY,0,0,0.0,900,780,1707138000,0,1.0,SEDENTARY,0.0,4.0
